[{"model": "auth.user", "pk": 1, "fields": {"password": "pbkdf2_sha256$260000$NWuC0zKvrEVBY3ddJNOW2D$ol0OAA/Ln3BhELJQzU8MV+CTF/3QYSWJcGICW9UhKI0=", "last_login": "2021-08-26T13:51:51.632Z", "is_superuser": true, "username": "iogias", "first_name": "", "last_name": "", "email": "iogias.box@gmail.com", "is_staff": true, "is_active": true, "date_joined": "2021-08-21T06:03:11.037Z", "groups": [], "user_permissions": []}}, {"model": "auth.user", "pk": 760, "fields": {"password": "", "last_login": null, "is_superuser": false, "username": "087835335331", "first_name": "", "last_name": "", "email": "", "is_staff": false, "is_active": false, "date_joined": "2021-08-23T06:37:24.282Z", "groups": [1], "user_permissions": []}}, {"model": "auth.user", "pk": 761, "fields": {"password": "", "last_login": null, "is_superuser": false, "username": "085695313895", "first_name": "", "last_name": "", "email": "", "is_staff": false, "is_active": false, "date_joined": "2021-08-23T06:37:24.303Z", "groups": [1], "user_permissions": []}}, {"model": "auth.user", "pk": 762, "fields": {"password": "", "last_login": null, "is_superuser": false, "username": "081298686836", "first_name": "", "last_name": "", "email": "", "is_staff": false, "is_active": false, "date_joined": "2021-08-23T06:37:24.307Z", "groups": [1], "user_permissions": []}}, {"model": "auth.user", "pk": 763, "fields": {"password": "", "last_login": null, "is_superuser": false, "username": "0811882317", "first_name": "", "last_name": "", "email": "", "is_staff": false, "is_active": false, "date_joined": "2021-08-23T06:37:24.312Z", "groups": [1], "user_permissions": []}}, {"model": "auth.user", "pk": 764, "fields": {"password": "", "last_login": null, "is_superuser": false, "username": "081387617799", "first_name": "", "last_name": "", "email": "", "is_staff": false, "is_active": false, "date_joined": "2021-08-23T06:37:24.318Z", "groups": [1], "user_permissions": []}}, {"model": "auth.user", "pk": 765, "fields": {"password": "", "last_login": null, "is_superuser": false, "username": "085775523237", "first_name": "", "last_name": "", "email": "", "is_staff": false, "is_active": false, "date_joined": "2021-08-23T06:37:24.323Z", "groups": [1], "user_permissions": []}}, {"model": "auth.user", "pk": 766, "fields": {"password": "", "last_login": null, "is_superuser": false, "username": "081918194176", "first_name": "", "last_name": "", "email": "", "is_staff": false, "is_active": false, "date_joined": "2021-08-23T06:37:24.328Z", "groups": [1], "user_permissions": []}}, {"model": "auth.user", "pk": 767, "fields": {"password": "", "last_login": null, "is_superuser": false, "username": "081283500061", "first_name": "", "last_name": "", "email": "", "is_staff": false, "is_active": false, "date_joined": "2021-08-23T06:37:24.332Z", "groups": [1], "user_permissions": []}}, {"model": "auth.user", "pk": 768, "fields": {"password": "", "last_login": null, "is_superuser": false, "username": "087881992317", "first_name": "", "last_name": "", "email": "", "is_staff": false, "is_active": false, "date_joined": "2021-08-23T06:37:24.336Z", "groups": [1], "user_permissions": []}}, {"model": "auth.user", "pk": 769, "fields": {"password": "", "last_login": null, "is_superuser": false, "username": "08111060365", "first_name": "", "last_name": "", "email": "", "is_staff": false, "is_active": false, "date_joined": "2021-08-23T06:37:24.340Z", "groups": [1], "user_permissions": []}}, {"model": "auth.user", "pk": 770, "fields": {"password": "", "last_login": null, "is_superuser": false, "username": "085691457946", "first_name": "", "last_name": "", "email": "", "is_staff": false, "is_active": false, "date_joined": "2021-08-23T06:37:24.343Z", "groups": [1], "user_permissions": []}}, {"model": "auth.user", "pk": 771, "fields": {"password": "", "last_login": null, "is_superuser": false, "username": "083890142884", "first_name": "", "last_name": "", "email": "", "is_staff": false, "is_active": false, "date_joined": "2021-08-23T06:37:24.347Z", "groups": [1], "user_permissions": []}}, {"model": "auth.user", "pk": 772, "fields": {"password": "", "last_login": null, "is_superuser": false, "username": "087789173501", "first_name": "", "last_name": "", "email": "", "is_staff": false, "is_active": false, "date_joined": "2021-08-23T06:37:24.352Z", "groups": [1], "user_permissions": []}}, {"model": "auth.user", "pk": 773, "fields": {"password": "", "last_login": null, "is_superuser": false, "username": "081220304060", "first_name": "", "last_name": "", "email": "", "is_staff": false, "is_active": false, "date_joined": "2021-08-23T06:37:24.356Z", "groups": [1], "user_permissions": []}}, {"model": "auth.user", "pk": 774, "fields": {"password": "", "last_login": null, "is_superuser": false, "username": "081211059871", "first_name": "", "last_name": "", "email": "", "is_staff": false, "is_active": false, "date_joined": "2021-08-23T06:37:24.360Z", "groups": [1], "user_permissions": []}}, {"model": "auth.user", "pk": 775, "fields": {"password": "", "last_login": null, "is_superuser": false, "username": "081310649599", "first_name": "", "last_name": "", "email": "", "is_staff": false, "is_active": false, "date_joined": "2021-08-23T06:37:24.365Z", "groups": [1], "user_permissions": []}}, {"model": "auth.user", "pk": 776, "fields": {"password": "", "last_login": null, "is_superuser": false, "username": "081285423388", "first_name": "", "last_name": "", "email": "", "is_staff": false, "is_active": false, "date_joined": "2021-08-23T06:37:24.369Z", "groups": [1], "user_permissions": []}}, {"model": "auth.user", "pk": 777, "fields": {"password": "", "last_login": null, "is_superuser": false, "username": "08112240989", "first_name": "", "last_name": "", "email": "", "is_staff": false, "is_active": false, "date_joined": "2021-08-23T06:37:24.373Z", "groups": [1], "user_permissions": []}}, {"model": "auth.user", "pk": 778, "fields": {"password": "", "last_login": null, "is_superuser": false, "username": "081299634800", "first_name": "", "last_name": "", "email": "", "is_staff": false, "is_active": false, "date_joined": "2021-08-23T06:37:24.377Z", "groups": [1], "user_permissions": []}}, {"model": "auth.user", "pk": 779, "fields": {"password": "", "last_login": null, "is_superuser": false, "username": "081977762707", "first_name": "", "last_name": "", "email": "", "is_staff": false, "is_active": false, "date_joined": "2021-08-23T06:37:24.382Z", "groups": [1], "user_permissions": []}}, {"model": "auth.user", "pk": 780, "fields": {"password": "", "last_login": null, "is_superuser": false, "username": "085959801427", "first_name": "", "last_name": "", "email": "", "is_staff": false, "is_active": false, "date_joined": "2021-08-23T06:37:24.386Z", "groups": [1], "user_permissions": []}}, {"model": "auth.user", "pk": 781, "fields": {"password": "", "last_login": null, "is_superuser": false, "username": "089676731113", "first_name": "", "last_name": "", "email": "", "is_staff": false, "is_active": false, "date_joined": "2021-08-23T06:37:24.390Z", "groups": [1], "user_permissions": []}}, {"model": "auth.user", "pk": 782, "fields": {"password": "", "last_login": null, "is_superuser": false, "username": "085157307775", "first_name": "", "last_name": "", "email": "", "is_staff": false, "is_active": false, "date_joined": "2021-08-23T06:37:24.395Z", "groups": [1], "user_permissions": []}}, {"model": "auth.user", "pk": 783, "fields": {"password": "", "last_login": null, "is_superuser": false, "username": "081296064782", "first_name": "", "last_name": "", "email": "", "is_staff": false, "is_active": false, "date_joined": "2021-08-23T06:37:24.399Z", "groups": [1], "user_permissions": []}}, {"model": "auth.user", "pk": 784, "fields": {"password": "", "last_login": null, "is_superuser": false, "username": "081291777811", "first_name": "", "last_name": "", "email": "", "is_staff": false, "is_active": false, "date_joined": "2021-08-23T06:37:24.403Z", "groups": [1], "user_permissions": []}}, {"model": "auth.user", "pk": 785, "fields": {"password": "", "last_login": null, "is_superuser": false, "username": "085159698829", "first_name": "", "last_name": "", "email": "", "is_staff": false, "is_active": false, "date_joined": "2021-08-23T06:37:24.407Z", "groups": [1], "user_permissions": []}}, {"model": "auth.user", "pk": 786, "fields": {"password": "", "last_login": null, "is_superuser": false, "username": "085276685577", "first_name": "", "last_name": "", "email": "", "is_staff": false, "is_active": false, "date_joined": "2021-08-23T06:37:24.411Z", "groups": [1], "user_permissions": []}}, {"model": "auth.user", "pk": 787, "fields": {"password": "", "last_login": null, "is_superuser": false, "username": "081517070677", "first_name": "", "last_name": "", "email": "", "is_staff": false, "is_active": false, "date_joined": "2021-08-23T06:37:24.416Z", "groups": [1], "user_permissions": []}}, {"model": "auth.user", "pk": 788, "fields": {"password": "", "last_login": null, "is_superuser": false, "username": "087889141711", "first_name": "", "last_name": "", "email": "", "is_staff": false, "is_active": false, "date_joined": "2021-08-23T06:37:24.419Z", "groups": [1], "user_permissions": []}}, {"model": "auth.user", "pk": 789, "fields": {"password": "", "last_login": null, "is_superuser": false, "username": "089676424200", "first_name": "", "last_name": "", "email": "", "is_staff": false, "is_active": false, "date_joined": "2021-08-23T06:37:24.423Z", "groups": [1], "user_permissions": []}}, {"model": "auth.user", "pk": 790, "fields": {"password": "", "last_login": null, "is_superuser": false, "username": "081383424382", "first_name": "", "last_name": "", "email": "", "is_staff": false, "is_active": false, "date_joined": "2021-08-23T06:37:24.427Z", "groups": [1], "user_permissions": []}}, {"model": "auth.user", "pk": 791, "fields": {"password": "", "last_login": null, "is_superuser": false, "username": "08111260450", "first_name": "", "last_name": "", "email": "", "is_staff": false, "is_active": false, "date_joined": "2021-08-23T06:37:24.431Z", "groups": [1], "user_permissions": []}}, {"model": "auth.user", "pk": 792, "fields": {"password": "", "last_login": null, "is_superuser": false, "username": "08551434713", "first_name": "", "last_name": "", "email": "", "is_staff": false, "is_active": false, "date_joined": "2021-08-23T06:37:24.435Z", "groups": [1], "user_permissions": []}}, {"model": "auth.user", "pk": 793, "fields": {"password": "", "last_login": null, "is_superuser": false, "username": "08174929811", "first_name": "", "last_name": "", "email": "", "is_staff": false, "is_active": false, "date_joined": "2021-08-23T06:37:24.439Z", "groups": [1], "user_permissions": []}}, {"model": "auth.user", "pk": 794, "fields": {"password": "", "last_login": null, "is_superuser": false, "username": "087888998627", "first_name": "", "last_name": "", "email": "", "is_staff": false, "is_active": false, "date_joined": "2021-08-23T06:37:24.444Z", "groups": [1], "user_permissions": []}}, {"model": "auth.user", "pk": 795, "fields": {"password": "", "last_login": null, "is_superuser": false, "username": "087784648203", "first_name": "", "last_name": "", "email": "", "is_staff": false, "is_active": false, "date_joined": "2021-08-23T06:37:24.448Z", "groups": [1], "user_permissions": []}}, {"model": "auth.user", "pk": 796, "fields": {"password": "", "last_login": null, "is_superuser": false, "username": "081218469077", "first_name": "", "last_name": "", "email": "", "is_staff": false, "is_active": false, "date_joined": "2021-08-23T06:37:24.452Z", "groups": [1], "user_permissions": []}}, {"model": "auth.user", "pk": 797, "fields": {"password": "", "last_login": null, "is_superuser": false, "username": "082260408169", "first_name": "", "last_name": "", "email": "", "is_staff": false, "is_active": false, "date_joined": "2021-08-23T06:37:24.456Z", "groups": [1], "user_permissions": []}}, {"model": "auth.user", "pk": 798, "fields": {"password": "", "last_login": null, "is_superuser": false, "username": "082111201083", "first_name": "", "last_name": "", "email": "", "is_staff": false, "is_active": false, "date_joined": "2021-08-23T06:37:24.460Z", "groups": [1], "user_permissions": []}}, {"model": "auth.user", "pk": 799, "fields": {"password": "", "last_login": null, "is_superuser": false, "username": "081293833933", "first_name": "", "last_name": "", "email": "", "is_staff": false, "is_active": false, "date_joined": "2021-08-23T06:37:24.464Z", "groups": [1], "user_permissions": []}}, {"model": "auth.user", "pk": 800, "fields": {"password": "", "last_login": null, "is_superuser": false, "username": "081283141331", "first_name": "", "last_name": "", "email": "", "is_staff": false, "is_active": false, "date_joined": "2021-08-23T06:37:24.468Z", "groups": [1], "user_permissions": []}}, {"model": "auth.user", "pk": 801, "fields": {"password": "", "last_login": null, "is_superuser": false, "username": "085772081916", "first_name": "", "last_name": "", "email": "", "is_staff": false, "is_active": false, "date_joined": "2021-08-23T06:37:24.472Z", "groups": [1], "user_permissions": []}}, {"model": "auth.user", "pk": 802, "fields": {"password": "", "last_login": null, "is_superuser": false, "username": "087781743588", "first_name": "", "last_name": "", "email": "", "is_staff": false, "is_active": false, "date_joined": "2021-08-23T06:37:24.476Z", "groups": [1], "user_permissions": []}}, {"model": "auth.user", "pk": 803, "fields": {"password": "", "last_login": null, "is_superuser": false, "username": "085155173993", "first_name": "", "last_name": "", "email": "", "is_staff": false, "is_active": false, "date_joined": "2021-08-23T06:37:24.480Z", "groups": [1], "user_permissions": []}}, {"model": "auth.user", "pk": 804, "fields": {"password": "", "last_login": null, "is_superuser": false, "username": "082111201902", "first_name": "", "last_name": "", "email": "", "is_staff": false, "is_active": false, "date_joined": "2021-08-23T06:37:24.485Z", "groups": [1], "user_permissions": []}}, {"model": "auth.user", "pk": 805, "fields": {"password": "", "last_login": null, "is_superuser": false, "username": "081807077701", "first_name": "", "last_name": "", "email": "", "is_staff": false, "is_active": false, "date_joined": "2021-08-23T06:37:24.489Z", "groups": [1], "user_permissions": []}}, {"model": "auth.user", "pk": 806, "fields": {"password": "", "last_login": null, "is_superuser": false, "username": "081213251562", "first_name": "", "last_name": "", "email": "", "is_staff": false, "is_active": false, "date_joined": "2021-08-23T06:37:24.493Z", "groups": [1], "user_permissions": []}}, {"model": "auth.user", "pk": 807, "fields": {"password": "", "last_login": null, "is_superuser": false, "username": "082114815118", "first_name": "", "last_name": "", "email": "", "is_staff": false, "is_active": false, "date_joined": "2021-08-23T06:37:24.497Z", "groups": [1], "user_permissions": []}}, {"model": "auth.user", "pk": 808, "fields": {"password": "", "last_login": null, "is_superuser": false, "username": "081909201010", "first_name": "", "last_name": "", "email": "", "is_staff": false, "is_active": false, "date_joined": "2021-08-23T06:37:24.501Z", "groups": [1], "user_permissions": []}}, {"model": "auth.user", "pk": 809, "fields": {"password": "", "last_login": null, "is_superuser": false, "username": "08161436469", "first_name": "", "last_name": "", "email": "", "is_staff": false, "is_active": false, "date_joined": "2021-08-23T06:37:24.506Z", "groups": [1], "user_permissions": []}}, {"model": "auth.user", "pk": 810, "fields": {"password": "", "last_login": null, "is_superuser": false, "username": "081290688148", "first_name": "", "last_name": "", "email": "", "is_staff": false, "is_active": false, "date_joined": "2021-08-23T06:37:24.509Z", "groups": [1], "user_permissions": []}}, {"model": "auth.user", "pk": 811, "fields": {"password": "", "last_login": null, "is_superuser": false, "username": "087818897902", "first_name": "", "last_name": "", "email": "", "is_staff": false, "is_active": false, "date_joined": "2021-08-23T06:37:24.515Z", "groups": [1], "user_permissions": []}}, {"model": "auth.user", "pk": 812, "fields": {"password": "", "last_login": null, "is_superuser": false, "username": "081380722513", "first_name": "", "last_name": "", "email": "", "is_staff": false, "is_active": false, "date_joined": "2021-08-23T06:37:24.519Z", "groups": [1], "user_permissions": []}}, {"model": "auth.user", "pk": 813, "fields": {"password": "", "last_login": null, "is_superuser": false, "username": "08161916633", "first_name": "", "last_name": "", "email": "", "is_staff": false, "is_active": false, "date_joined": "2021-08-23T06:37:24.524Z", "groups": [1], "user_permissions": []}}, {"model": "auth.user", "pk": 814, "fields": {"password": "", "last_login": null, "is_superuser": false, "username": "089653608345", "first_name": "", "last_name": "", "email": "", "is_staff": false, "is_active": false, "date_joined": "2021-08-23T06:37:24.528Z", "groups": [1], "user_permissions": []}}, {"model": "auth.user", "pk": 815, "fields": {"password": "", "last_login": null, "is_superuser": false, "username": "08129359991", "first_name": "", "last_name": "", "email": "", "is_staff": false, "is_active": false, "date_joined": "2021-08-23T06:37:24.532Z", "groups": [1], "user_permissions": []}}, {"model": "auth.user", "pk": 816, "fields": {"password": "", "last_login": null, "is_superuser": false, "username": "085695588768", "first_name": "", "last_name": "", "email": "", "is_staff": false, "is_active": false, "date_joined": "2021-08-23T06:37:24.537Z", "groups": [1], "user_permissions": []}}, {"model": "auth.user", "pk": 817, "fields": {"password": "", "last_login": null, "is_superuser": false, "username": "082122858135", "first_name": "", "last_name": "", "email": "", "is_staff": false, "is_active": false, "date_joined": "2021-08-23T06:37:24.540Z", "groups": [1], "user_permissions": []}}, {"model": "auth.user", "pk": 818, "fields": {"password": "", "last_login": null, "is_superuser": false, "username": "087783093381", "first_name": "", "last_name": "", "email": "", "is_staff": false, "is_active": false, "date_joined": "2021-08-23T06:37:24.544Z", "groups": [1], "user_permissions": []}}, {"model": "auth.user", "pk": 819, "fields": {"password": "", "last_login": null, "is_superuser": false, "username": "081808219229", "first_name": "", "last_name": "", "email": "", "is_staff": false, "is_active": false, "date_joined": "2021-08-23T06:37:24.547Z", "groups": [1], "user_permissions": []}}, {"model": "auth.user", "pk": 820, "fields": {"password": "", "last_login": null, "is_superuser": false, "username": "081212554446", "first_name": "", "last_name": "", "email": "", "is_staff": false, "is_active": false, "date_joined": "2021-08-23T06:37:24.551Z", "groups": [1], "user_permissions": []}}, {"model": "auth.user", "pk": 821, "fields": {"password": "", "last_login": null, "is_superuser": false, "username": "081586602180", "first_name": "", "last_name": "", "email": "", "is_staff": false, "is_active": false, "date_joined": "2021-08-23T06:37:24.554Z", "groups": [1], "user_permissions": []}}, {"model": "auth.user", "pk": 822, "fields": {"password": "", "last_login": null, "is_superuser": false, "username": "08129507288", "first_name": "", "last_name": "", "email": "", "is_staff": false, "is_active": false, "date_joined": "2021-08-23T06:37:24.557Z", "groups": [1], "user_permissions": []}}, {"model": "auth.user", "pk": 823, "fields": {"password": "", "last_login": null, "is_superuser": false, "username": "083184724447", "first_name": "", "last_name": "", "email": "", "is_staff": false, "is_active": false, "date_joined": "2021-08-23T06:37:24.561Z", "groups": [1], "user_permissions": []}}, {"model": "auth.user", "pk": 824, "fields": {"password": "", "last_login": null, "is_superuser": false, "username": "083897998202", "first_name": "", "last_name": "", "email": "", "is_staff": false, "is_active": false, "date_joined": "2021-08-23T06:37:24.565Z", "groups": [1], "user_permissions": []}}, {"model": "auth.user", "pk": 825, "fields": {"password": "", "last_login": null, "is_superuser": false, "username": "081286599201", "first_name": "", "last_name": "", "email": "", "is_staff": false, "is_active": false, "date_joined": "2021-08-23T06:37:24.569Z", "groups": [1], "user_permissions": []}}, {"model": "auth.user", "pk": 826, "fields": {"password": "", "last_login": null, "is_superuser": false, "username": "085692655223", "first_name": "", "last_name": "", "email": "", "is_staff": false, "is_active": false, "date_joined": "2021-08-23T06:37:24.573Z", "groups": [1], "user_permissions": []}}, {"model": "auth.user", "pk": 827, "fields": {"password": "", "last_login": null, "is_superuser": false, "username": "081299134798", "first_name": "", "last_name": "", "email": "", "is_staff": false, "is_active": false, "date_joined": "2021-08-23T06:37:24.578Z", "groups": [1], "user_permissions": []}}, {"model": "auth.user", "pk": 828, "fields": {"password": "", "last_login": null, "is_superuser": false, "username": "085783891554", "first_name": "", "last_name": "", "email": "", "is_staff": false, "is_active": false, "date_joined": "2021-08-23T06:37:24.583Z", "groups": [1], "user_permissions": []}}, {"model": "auth.user", "pk": 829, "fields": {"password": "", "last_login": null, "is_superuser": false, "username": "087878564888", "first_name": "", "last_name": "", "email": "", "is_staff": false, "is_active": false, "date_joined": "2021-08-23T06:37:24.586Z", "groups": [1], "user_permissions": []}}, {"model": "auth.user", "pk": 830, "fields": {"password": "", "last_login": null, "is_superuser": false, "username": "081280335320", "first_name": "", "last_name": "", "email": "", "is_staff": false, "is_active": false, "date_joined": "2021-08-23T06:37:24.590Z", "groups": [1], "user_permissions": []}}, {"model": "auth.user", "pk": 831, "fields": {"password": "", "last_login": null, "is_superuser": false, "username": "082236299606", "first_name": "", "last_name": "", "email": "", "is_staff": false, "is_active": false, "date_joined": "2021-08-23T06:37:24.594Z", "groups": [1], "user_permissions": []}}, {"model": "auth.user", "pk": 832, "fields": {"password": "", "last_login": null, "is_superuser": false, "username": "089604266807", "first_name": "", "last_name": "", "email": "", "is_staff": false, "is_active": false, "date_joined": "2021-08-23T06:37:24.599Z", "groups": [1], "user_permissions": []}}, {"model": "auth.user", "pk": 833, "fields": {"password": "", "last_login": null, "is_superuser": false, "username": "089501797024", "first_name": "", "last_name": "", "email": "", "is_staff": false, "is_active": false, "date_joined": "2021-08-23T06:37:24.603Z", "groups": [1], "user_permissions": []}}, {"model": "auth.user", "pk": 834, "fields": {"password": "", "last_login": null, "is_superuser": false, "username": "089603664391", "first_name": "", "last_name": "", "email": "", "is_staff": false, "is_active": false, "date_joined": "2021-08-23T06:37:24.607Z", "groups": [1], "user_permissions": []}}, {"model": "auth.user", "pk": 835, "fields": {"password": "", "last_login": null, "is_superuser": false, "username": "081279710011", "first_name": "", "last_name": "", "email": "", "is_staff": false, "is_active": false, "date_joined": "2021-08-23T06:37:24.611Z", "groups": [1], "user_permissions": []}}, {"model": "auth.user", "pk": 836, "fields": {"password": "", "last_login": null, "is_superuser": false, "username": "088295546815", "first_name": "", "last_name": "", "email": "", "is_staff": false, "is_active": false, "date_joined": "2021-08-23T06:37:24.614Z", "groups": [1], "user_permissions": []}}, {"model": "auth.user", "pk": 837, "fields": {"password": "", "last_login": null, "is_superuser": false, "username": "089527524510", "first_name": "", "last_name": "", "email": "", "is_staff": false, "is_active": false, "date_joined": "2021-08-23T06:37:24.618Z", "groups": [1], "user_permissions": []}}, {"model": "auth.user", "pk": 838, "fields": {"password": "", "last_login": null, "is_superuser": false, "username": "087853155373", "first_name": "", "last_name": "", "email": "", "is_staff": false, "is_active": false, "date_joined": "2021-08-23T06:37:24.623Z", "groups": [1], "user_permissions": []}}, {"model": "auth.user", "pk": 839, "fields": {"password": "", "last_login": null, "is_superuser": false, "username": "081517011222", "first_name": "", "last_name": "", "email": "", "is_staff": false, "is_active": false, "date_joined": "2021-08-23T06:37:24.629Z", "groups": [1], "user_permissions": []}}, {"model": "auth.user", "pk": 840, "fields": {"password": "", "last_login": null, "is_superuser": false, "username": "087850321376", "first_name": "", "last_name": "", "email": "", "is_staff": false, "is_active": false, "date_joined": "2021-08-23T06:37:24.632Z", "groups": [1], "user_permissions": []}}, {"model": "auth.user", "pk": 841, "fields": {"password": "", "last_login": null, "is_superuser": false, "username": "089601150416", "first_name": "", "last_name": "", "email": "", "is_staff": false, "is_active": false, "date_joined": "2021-08-23T06:37:24.636Z", "groups": [1], "user_permissions": []}}, {"model": "auth.user", "pk": 842, "fields": {"password": "", "last_login": null, "is_superuser": false, "username": "082113175606", "first_name": "", "last_name": "", "email": "", "is_staff": false, "is_active": false, "date_joined": "2021-08-23T06:37:24.639Z", "groups": [1], "user_permissions": []}}, {"model": "auth.user", "pk": 843, "fields": {"password": "", "last_login": null, "is_superuser": false, "username": "082274357387", "first_name": "", "last_name": "", "email": "", "is_staff": false, "is_active": false, "date_joined": "2021-08-23T06:37:24.643Z", "groups": [1], "user_permissions": []}}, {"model": "auth.user", "pk": 844, "fields": {"password": "", "last_login": null, "is_superuser": false, "username": "081227604479", "first_name": "", "last_name": "", "email": "", "is_staff": false, "is_active": false, "date_joined": "2021-08-23T06:37:24.648Z", "groups": [1], "user_permissions": []}}, {"model": "auth.user", "pk": 845, "fields": {"password": "", "last_login": null, "is_superuser": false, "username": "08559999777", "first_name": "", "last_name": "", "email": "", "is_staff": false, "is_active": false, "date_joined": "2021-08-23T06:37:24.652Z", "groups": [1], "user_permissions": []}}, {"model": "auth.user", "pk": 846, "fields": {"password": "", "last_login": null, "is_superuser": false, "username": "081262463718", "first_name": "", "last_name": "", "email": "", "is_staff": false, "is_active": false, "date_joined": "2021-08-23T06:37:24.657Z", "groups": [1], "user_permissions": []}}, {"model": "auth.user", "pk": 847, "fields": {"password": "", "last_login": null, "is_superuser": false, "username": "083170208900", "first_name": "", "last_name": "", "email": "", "is_staff": false, "is_active": false, "date_joined": "2021-08-23T06:37:24.662Z", "groups": [1], "user_permissions": []}}, {"model": "auth.user", "pk": 848, "fields": {"password": "", "last_login": null, "is_superuser": false, "username": "085322487139", "first_name": "", "last_name": "", "email": "", "is_staff": false, "is_active": false, "date_joined": "2021-08-23T06:37:24.666Z", "groups": [1], "user_permissions": []}}, {"model": "auth.user", "pk": 849, "fields": {"password": "", "last_login": null, "is_superuser": false, "username": "081288850060", "first_name": "", "last_name": "", "email": "", "is_staff": false, "is_active": false, "date_joined": "2021-08-23T06:37:24.670Z", "groups": [1], "user_permissions": []}}, {"model": "auth.user", "pk": 850, "fields": {"password": "", "last_login": null, "is_superuser": false, "username": "081521540896", "first_name": "", "last_name": "", "email": "", "is_staff": false, "is_active": false, "date_joined": "2021-08-23T06:37:24.675Z", "groups": [1], "user_permissions": []}}, {"model": "auth.user", "pk": 851, "fields": {"password": "", "last_login": null, "is_superuser": false, "username": "085330245578", "first_name": "", "last_name": "", "email": "", "is_staff": false, "is_active": false, "date_joined": "2021-08-23T06:37:24.679Z", "groups": [1], "user_permissions": []}}, {"model": "auth.user", "pk": 852, "fields": {"password": "", "last_login": null, "is_superuser": false, "username": "0895618506990", "first_name": "", "last_name": "", "email": "", "is_staff": false, "is_active": false, "date_joined": "2021-08-23T06:37:24.684Z", "groups": [1], "user_permissions": []}}, {"model": "auth.user", "pk": 853, "fields": {"password": "", "last_login": null, "is_superuser": false, "username": "0895601526567", "first_name": "", "last_name": "", "email": "", "is_staff": false, "is_active": false, "date_joined": "2021-08-23T06:37:24.688Z", "groups": [1], "user_permissions": []}}, {"model": "auth.user", "pk": 854, "fields": {"password": "", "last_login": null, "is_superuser": false, "username": "08156032781", "first_name": "", "last_name": "", "email": "", "is_staff": false, "is_active": false, "date_joined": "2021-08-23T06:37:24.693Z", "groups": [1], "user_permissions": []}}, {"model": "auth.user", "pk": 855, "fields": {"password": "", "last_login": null, "is_superuser": false, "username": "081353347259", "first_name": "", "last_name": "", "email": "", "is_staff": false, "is_active": false, "date_joined": "2021-08-23T06:37:24.697Z", "groups": [1], "user_permissions": []}}, {"model": "auth.user", "pk": 856, "fields": {"password": "", "last_login": null, "is_superuser": false, "username": "087885763308", "first_name": "", "last_name": "", "email": "", "is_staff": false, "is_active": false, "date_joined": "2021-08-23T06:37:24.702Z", "groups": [1], "user_permissions": []}}, {"model": "auth.user", "pk": 857, "fields": {"password": "", "last_login": null, "is_superuser": false, "username": "085724303464", "first_name": "", "last_name": "", "email": "", "is_staff": false, "is_active": false, "date_joined": "2021-08-23T06:37:24.706Z", "groups": [1], "user_permissions": []}}, {"model": "auth.user", "pk": 858, "fields": {"password": "", "last_login": null, "is_superuser": false, "username": "088801291079", "first_name": "", "last_name": "", "email": "", "is_staff": false, "is_active": false, "date_joined": "2021-08-23T06:37:24.710Z", "groups": [1], "user_permissions": []}}, {"model": "auth.user", "pk": 859, "fields": {"password": "", "last_login": null, "is_superuser": false, "username": "082297337120", "first_name": "", "last_name": "", "email": "", "is_staff": false, "is_active": false, "date_joined": "2021-08-23T06:37:24.713Z", "groups": [1], "user_permissions": []}}, {"model": "auth.user", "pk": 860, "fields": {"password": "", "last_login": null, "is_superuser": false, "username": "085733601430", "first_name": "", "last_name": "", "email": "", "is_staff": false, "is_active": false, "date_joined": "2021-08-23T06:37:24.718Z", "groups": [1], "user_permissions": []}}, {"model": "auth.user", "pk": 861, "fields": {"password": "", "last_login": null, "is_superuser": false, "username": "081214828068", "first_name": "", "last_name": "", "email": "", "is_staff": false, "is_active": false, "date_joined": "2021-08-23T06:37:24.722Z", "groups": [1], "user_permissions": []}}, {"model": "auth.user", "pk": 862, "fields": {"password": "", "last_login": null, "is_superuser": false, "username": "089635857496", "first_name": "", "last_name": "", "email": "", "is_staff": false, "is_active": false, "date_joined": "2021-08-23T06:37:24.727Z", "groups": [1], "user_permissions": []}}, {"model": "auth.user", "pk": 863, "fields": {"password": "", "last_login": null, "is_superuser": false, "username": "087778730361", "first_name": "", "last_name": "", "email": "", "is_staff": false, "is_active": false, "date_joined": "2021-08-23T06:37:24.731Z", "groups": [1], "user_permissions": []}}, {"model": "auth.user", "pk": 864, "fields": {"password": "", "last_login": null, "is_superuser": false, "username": "087820649888", "first_name": "", "last_name": "", "email": "", "is_staff": false, "is_active": false, "date_joined": "2021-08-23T06:37:24.736Z", "groups": [1], "user_permissions": []}}, {"model": "auth.user", "pk": 865, "fields": {"password": "", "last_login": null, "is_superuser": false, "username": "083837340446", "first_name": "", "last_name": "", "email": "", "is_staff": false, "is_active": false, "date_joined": "2021-08-23T06:37:24.739Z", "groups": [1], "user_permissions": []}}, {"model": "auth.user", "pk": 866, "fields": {"password": "", "last_login": null, "is_superuser": false, "username": "081279141163", "first_name": "", "last_name": "", "email": "", "is_staff": false, "is_active": false, "date_joined": "2021-08-23T06:37:24.744Z", "groups": [1], "user_permissions": []}}, {"model": "auth.user", "pk": 867, "fields": {"password": "", "last_login": null, "is_superuser": false, "username": "088293095744", "first_name": "", "last_name": "", "email": "", "is_staff": false, "is_active": false, "date_joined": "2021-08-23T06:37:24.748Z", "groups": [1], "user_permissions": []}}, {"model": "auth.user", "pk": 868, "fields": {"password": "", "last_login": null, "is_superuser": false, "username": "088296821192", "first_name": "", "last_name": "", "email": "", "is_staff": false, "is_active": false, "date_joined": "2021-08-23T06:37:24.753Z", "groups": [1], "user_permissions": []}}, {"model": "auth.user", "pk": 869, "fields": {"password": "", "last_login": null, "is_superuser": false, "username": "085755464021", "first_name": "", "last_name": "", "email": "", "is_staff": false, "is_active": false, "date_joined": "2021-08-23T06:37:24.757Z", "groups": [1], "user_permissions": []}}, {"model": "auth.user", "pk": 870, "fields": {"password": "", "last_login": null, "is_superuser": false, "username": "083117600125", "first_name": "", "last_name": "", "email": "", "is_staff": false, "is_active": false, "date_joined": "2021-08-23T06:37:24.761Z", "groups": [1], "user_permissions": []}}, {"model": "auth.user", "pk": 871, "fields": {"password": "", "last_login": null, "is_superuser": false, "username": "081339683183", "first_name": "", "last_name": "", "email": "", "is_staff": false, "is_active": false, "date_joined": "2021-08-23T06:37:24.765Z", "groups": [1], "user_permissions": []}}, {"model": "auth.user", "pk": 872, "fields": {"password": "", "last_login": null, "is_superuser": false, "username": "081353070159", "first_name": "", "last_name": "", "email": "", "is_staff": false, "is_active": false, "date_joined": "2021-08-23T06:37:24.769Z", "groups": [1], "user_permissions": []}}, {"model": "auth.user", "pk": 873, "fields": {"password": "", "last_login": null, "is_superuser": false, "username": "083144280606", "first_name": "", "last_name": "", "email": "", "is_staff": false, "is_active": false, "date_joined": "2021-08-23T06:37:24.773Z", "groups": [1], "user_permissions": []}}, {"model": "auth.user", "pk": 874, "fields": {"password": "", "last_login": null, "is_superuser": false, "username": "081288676311", "first_name": "", "last_name": "", "email": "", "is_staff": false, "is_active": false, "date_joined": "2021-08-23T06:37:24.777Z", "groups": [1], "user_permissions": []}}, {"model": "auth.user", "pk": 875, "fields": {"password": "", "last_login": null, "is_superuser": false, "username": "083182864532", "first_name": "", "last_name": "", "email": "", "is_staff": false, "is_active": false, "date_joined": "2021-08-23T06:37:24.782Z", "groups": [1], "user_permissions": []}}, {"model": "auth.user", "pk": 876, "fields": {"password": "", "last_login": null, "is_superuser": false, "username": "082371931906", "first_name": "", "last_name": "", "email": "", "is_staff": false, "is_active": false, "date_joined": "2021-08-23T06:37:24.786Z", "groups": [1], "user_permissions": []}}, {"model": "auth.user", "pk": 877, "fields": {"password": "", "last_login": null, "is_superuser": false, "username": "081213366219", "first_name": "", "last_name": "", "email": "", "is_staff": false, "is_active": false, "date_joined": "2021-08-23T06:37:24.791Z", "groups": [1], "user_permissions": []}}, {"model": "auth.user", "pk": 878, "fields": {"password": "", "last_login": null, "is_superuser": false, "username": "081294716511", "first_name": "", "last_name": "", "email": "", "is_staff": false, "is_active": false, "date_joined": "2021-08-23T06:37:24.794Z", "groups": [1], "user_permissions": []}}, {"model": "auth.user", "pk": 879, "fields": {"password": "", "last_login": null, "is_superuser": false, "username": "085939444931", "first_name": "", "last_name": "", "email": "", "is_staff": false, "is_active": false, "date_joined": "2021-08-23T06:37:24.799Z", "groups": [1], "user_permissions": []}}, {"model": "auth.user", "pk": 880, "fields": {"password": "", "last_login": null, "is_superuser": false, "username": "081227606964", "first_name": "", "last_name": "", "email": "", "is_staff": false, "is_active": false, "date_joined": "2021-08-23T06:37:24.804Z", "groups": [1], "user_permissions": []}}, {"model": "auth.user", "pk": 881, "fields": {"password": "", "last_login": null, "is_superuser": false, "username": "083875784081", "first_name": "", "last_name": "", "email": "", "is_staff": false, "is_active": false, "date_joined": "2021-08-23T06:37:24.808Z", "groups": [1], "user_permissions": []}}, {"model": "auth.user", "pk": 882, "fields": {"password": "", "last_login": null, "is_superuser": false, "username": "085274532100", "first_name": "", "last_name": "", "email": "", "is_staff": false, "is_active": false, "date_joined": "2021-08-23T06:37:24.813Z", "groups": [1], "user_permissions": []}}, {"model": "auth.user", "pk": 883, "fields": {"password": "", "last_login": null, "is_superuser": false, "username": "087722111480", "first_name": "", "last_name": "", "email": "", "is_staff": false, "is_active": false, "date_joined": "2021-08-23T06:37:24.817Z", "groups": [1], "user_permissions": []}}, {"model": "auth.user", "pk": 884, "fields": {"password": "", "last_login": null, "is_superuser": false, "username": "081213366163", "first_name": "", "last_name": "", "email": "", "is_staff": false, "is_active": false, "date_joined": "2021-08-23T06:37:24.822Z", "groups": [1], "user_permissions": []}}, {"model": "auth.user", "pk": 885, "fields": {"password": "", "last_login": null, "is_superuser": false, "username": "082257300088", "first_name": "", "last_name": "", "email": "", "is_staff": false, "is_active": false, "date_joined": "2021-08-23T06:37:24.826Z", "groups": [1], "user_permissions": []}}, {"model": "auth.user", "pk": 886, "fields": {"password": "", "last_login": null, "is_superuser": false, "username": "089612718089", "first_name": "", "last_name": "", "email": "", "is_staff": false, "is_active": false, "date_joined": "2021-08-23T06:37:24.831Z", "groups": [1], "user_permissions": []}}, {"model": "auth.user", "pk": 887, "fields": {"password": "", "last_login": null, "is_superuser": false, "username": "082125122916", "first_name": "", "last_name": "", "email": "", "is_staff": false, "is_active": false, "date_joined": "2021-08-23T06:37:24.835Z", "groups": [1], "user_permissions": []}}, {"model": "auth.user", "pk": 888, "fields": {"password": "", "last_login": null, "is_superuser": false, "username": "085708877099", "first_name": "", "last_name": "", "email": "", "is_staff": false, "is_active": false, "date_joined": "2021-08-23T06:37:24.839Z", "groups": [1], "user_permissions": []}}, {"model": "auth.user", "pk": 889, "fields": {"password": "", "last_login": null, "is_superuser": false, "username": "08111088910", "first_name": "", "last_name": "", "email": "", "is_staff": false, "is_active": false, "date_joined": "2021-08-23T06:37:24.844Z", "groups": [1], "user_permissions": []}}, {"model": "auth.user", "pk": 890, "fields": {"password": "", "last_login": null, "is_superuser": false, "username": "081932668125", "first_name": "", "last_name": "", "email": "", "is_staff": false, "is_active": false, "date_joined": "2021-08-23T06:37:24.848Z", "groups": [1], "user_permissions": []}}, {"model": "auth.user", "pk": 891, "fields": {"password": "", "last_login": null, "is_superuser": false, "username": "081905351118", "first_name": "", "last_name": "", "email": "", "is_staff": false, "is_active": false, "date_joined": "2021-08-23T06:37:24.851Z", "groups": [1], "user_permissions": []}}, {"model": "auth.user", "pk": 892, "fields": {"password": "", "last_login": null, "is_superuser": false, "username": "082288727267", "first_name": "", "last_name": "", "email": "", "is_staff": false, "is_active": false, "date_joined": "2021-08-23T06:37:24.855Z", "groups": [1], "user_permissions": []}}, {"model": "auth.user", "pk": 893, "fields": {"password": "", "last_login": null, "is_superuser": false, "username": "089624264216", "first_name": "", "last_name": "", "email": "", "is_staff": false, "is_active": false, "date_joined": "2021-08-23T06:37:24.859Z", "groups": [1], "user_permissions": []}}, {"model": "auth.user", "pk": 894, "fields": {"password": "", "last_login": null, "is_superuser": false, "username": "087869493590", "first_name": "", "last_name": "", "email": "", "is_staff": false, "is_active": false, "date_joined": "2021-08-23T06:37:24.863Z", "groups": [1], "user_permissions": []}}, {"model": "auth.user", "pk": 895, "fields": {"password": "", "last_login": null, "is_superuser": false, "username": "081385949982", "first_name": "", "last_name": "", "email": "", "is_staff": false, "is_active": false, "date_joined": "2021-08-23T06:37:24.867Z", "groups": [1], "user_permissions": []}}, {"model": "auth.user", "pk": 896, "fields": {"password": "", "last_login": null, "is_superuser": false, "username": "082122132588", "first_name": "", "last_name": "", "email": "", "is_staff": false, "is_active": false, "date_joined": "2021-08-23T06:37:24.871Z", "groups": [1], "user_permissions": []}}, {"model": "auth.user", "pk": 897, "fields": {"password": "", "last_login": null, "is_superuser": false, "username": "089653023386", "first_name": "", "last_name": "", "email": "", "is_staff": false, "is_active": false, "date_joined": "2021-08-23T06:37:24.876Z", "groups": [1], "user_permissions": []}}, {"model": "auth.user", "pk": 898, "fields": {"password": "", "last_login": null, "is_superuser": false, "username": "088291379677", "first_name": "", "last_name": "", "email": "", "is_staff": false, "is_active": false, "date_joined": "2021-08-23T06:37:24.881Z", "groups": [1], "user_permissions": []}}, {"model": "auth.user", "pk": 899, "fields": {"password": "", "last_login": null, "is_superuser": false, "username": "087749356297", "first_name": "", "last_name": "", "email": "", "is_staff": false, "is_active": false, "date_joined": "2021-08-23T06:37:24.885Z", "groups": [1], "user_permissions": []}}, {"model": "auth.user", "pk": 900, "fields": {"password": "", "last_login": null, "is_superuser": false, "username": "085711916591", "first_name": "", "last_name": "", "email": "", "is_staff": false, "is_active": false, "date_joined": "2021-08-23T06:37:24.889Z", "groups": [1], "user_permissions": []}}, {"model": "auth.user", "pk": 901, "fields": {"password": "", "last_login": null, "is_superuser": false, "username": "082291284207", "first_name": "", "last_name": "", "email": "", "is_staff": false, "is_active": false, "date_joined": "2021-08-23T06:37:24.895Z", "groups": [1], "user_permissions": []}}, {"model": "auth.user", "pk": 902, "fields": {"password": "", "last_login": null, "is_superuser": false, "username": "089516858597", "first_name": "", "last_name": "", "email": "", "is_staff": false, "is_active": false, "date_joined": "2021-08-23T06:37:24.899Z", "groups": [1], "user_permissions": []}}, {"model": "auth.user", "pk": 903, "fields": {"password": "", "last_login": null, "is_superuser": false, "username": "081243172369", "first_name": "", "last_name": "", "email": "", "is_staff": false, "is_active": false, "date_joined": "2021-08-23T06:37:24.904Z", "groups": [1], "user_permissions": []}}, {"model": "auth.user", "pk": 904, "fields": {"password": "", "last_login": null, "is_superuser": false, "username": "085717348876", "first_name": "", "last_name": "", "email": "", "is_staff": false, "is_active": false, "date_joined": "2021-08-23T06:37:24.909Z", "groups": [1], "user_permissions": []}}, {"model": "auth.user", "pk": 905, "fields": {"password": "", "last_login": null, "is_superuser": false, "username": "085880120803", "first_name": "", "last_name": "", "email": "", "is_staff": false, "is_active": false, "date_joined": "2021-08-23T06:37:24.914Z", "groups": [1], "user_permissions": []}}, {"model": "auth.user", "pk": 906, "fields": {"password": "", "last_login": null, "is_superuser": false, "username": "081387226355", "first_name": "", "last_name": "", "email": "", "is_staff": false, "is_active": false, "date_joined": "2021-08-23T06:37:24.918Z", "groups": [1], "user_permissions": []}}, {"model": "auth.user", "pk": 907, "fields": {"password": "", "last_login": null, "is_superuser": false, "username": "089637802980", "first_name": "", "last_name": "", "email": "", "is_staff": false, "is_active": false, "date_joined": "2021-08-23T06:37:24.921Z", "groups": [1], "user_permissions": []}}, {"model": "auth.user", "pk": 908, "fields": {"password": "", "last_login": null, "is_superuser": false, "username": "082287793261", "first_name": "", "last_name": "", "email": "", "is_staff": false, "is_active": false, "date_joined": "2021-08-23T06:37:24.925Z", "groups": [1], "user_permissions": []}}, {"model": "auth.user", "pk": 909, "fields": {"password": "", "last_login": null, "is_superuser": false, "username": "085156363586", "first_name": "", "last_name": "", "email": "", "is_staff": false, "is_active": false, "date_joined": "2021-08-23T06:37:24.928Z", "groups": [1], "user_permissions": []}}, {"model": "auth.user", "pk": 910, "fields": {"password": "", "last_login": null, "is_superuser": false, "username": "081322492400", "first_name": "", "last_name": "", "email": "", "is_staff": false, "is_active": false, "date_joined": "2021-08-23T06:37:24.931Z", "groups": [1], "user_permissions": []}}, {"model": "auth.user", "pk": 911, "fields": {"password": "", "last_login": null, "is_superuser": false, "username": "081387290692", "first_name": "", "last_name": "", "email": "", "is_staff": false, "is_active": false, "date_joined": "2021-08-23T06:37:24.934Z", "groups": [1], "user_permissions": []}}, {"model": "auth.user", "pk": 912, "fields": {"password": "", "last_login": null, "is_superuser": false, "username": "081776675016", "first_name": "", "last_name": "", "email": "", "is_staff": false, "is_active": false, "date_joined": "2021-08-23T06:37:24.940Z", "groups": [1], "user_permissions": []}}, {"model": "auth.user", "pk": 913, "fields": {"password": "", "last_login": null, "is_superuser": false, "username": "082213801513", "first_name": "", "last_name": "", "email": "", "is_staff": false, "is_active": false, "date_joined": "2021-08-23T06:37:24.943Z", "groups": [1], "user_permissions": []}}, {"model": "auth.user", "pk": 914, "fields": {"password": "", "last_login": null, "is_superuser": false, "username": "088707667689", "first_name": "", "last_name": "", "email": "", "is_staff": false, "is_active": false, "date_joined": "2021-08-23T06:37:24.948Z", "groups": [1], "user_permissions": []}}, {"model": "auth.user", "pk": 915, "fields": {"password": "", "last_login": null, "is_superuser": false, "username": "082125492622", "first_name": "", "last_name": "", "email": "", "is_staff": false, "is_active": false, "date_joined": "2021-08-23T06:37:24.952Z", "groups": [1], "user_permissions": []}}, {"model": "auth.user", "pk": 916, "fields": {"password": "", "last_login": null, "is_superuser": false, "username": "087747580812", "first_name": "", "last_name": "", "email": "", "is_staff": false, "is_active": false, "date_joined": "2021-08-23T06:37:24.956Z", "groups": [1], "user_permissions": []}}, {"model": "auth.user", "pk": 917, "fields": {"password": "", "last_login": null, "is_superuser": false, "username": "08811862143", "first_name": "", "last_name": "", "email": "", "is_staff": false, "is_active": false, "date_joined": "2021-08-23T06:37:24.960Z", "groups": [1], "user_permissions": []}}, {"model": "auth.user", "pk": 918, "fields": {"password": "", "last_login": null, "is_superuser": false, "username": "085774413538", "first_name": "", "last_name": "", "email": "", "is_staff": false, "is_active": false, "date_joined": "2021-08-23T06:37:24.964Z", "groups": [1], "user_permissions": []}}, {"model": "auth.user", "pk": 919, "fields": {"password": "", "last_login": null, "is_superuser": false, "username": "085883228577", "first_name": "", "last_name": "", "email": "", "is_staff": false, "is_active": false, "date_joined": "2021-08-23T06:37:24.969Z", "groups": [1], "user_permissions": []}}, {"model": "auth.user", "pk": 920, "fields": {"password": "", "last_login": null, "is_superuser": false, "username": "081511237466", "first_name": "", "last_name": "", "email": "", "is_staff": false, "is_active": false, "date_joined": "2021-08-23T06:37:24.974Z", "groups": [1], "user_permissions": []}}, {"model": "auth.user", "pk": 921, "fields": {"password": "", "last_login": null, "is_superuser": false, "username": "085717528830", "first_name": "", "last_name": "", "email": "", "is_staff": false, "is_active": false, "date_joined": "2021-08-23T06:37:24.978Z", "groups": [1], "user_permissions": []}}, {"model": "auth.user", "pk": 922, "fields": {"password": "", "last_login": null, "is_superuser": false, "username": "089660526771", "first_name": "", "last_name": "", "email": "", "is_staff": false, "is_active": false, "date_joined": "2021-08-23T06:37:24.983Z", "groups": [1], "user_permissions": []}}, {"model": "auth.user", "pk": 923, "fields": {"password": "", "last_login": null, "is_superuser": false, "username": "089612369555", "first_name": "", "last_name": "", "email": "", "is_staff": false, "is_active": false, "date_joined": "2021-08-23T06:37:24.987Z", "groups": [1], "user_permissions": []}}, {"model": "auth.user", "pk": 924, "fields": {"password": "", "last_login": null, "is_superuser": false, "username": "085795675384", "first_name": "", "last_name": "", "email": "", "is_staff": false, "is_active": false, "date_joined": "2021-08-23T06:37:24.992Z", "groups": [1], "user_permissions": []}}, {"model": "auth.user", "pk": 925, "fields": {"password": "", "last_login": null, "is_superuser": false, "username": "081212295652", "first_name": "", "last_name": "", "email": "", "is_staff": false, "is_active": false, "date_joined": "2021-08-23T06:37:24.996Z", "groups": [1], "user_permissions": []}}, {"model": "auth.user", "pk": 926, "fields": {"password": "", "last_login": null, "is_superuser": false, "username": "081393761137", "first_name": "", "last_name": "", "email": "", "is_staff": false, "is_active": false, "date_joined": "2021-08-23T06:37:25.000Z", "groups": [1], "user_permissions": []}}, {"model": "auth.user", "pk": 927, "fields": {"password": "", "last_login": null, "is_superuser": false, "username": "087821135600", "first_name": "", "last_name": "", "email": "", "is_staff": false, "is_active": false, "date_joined": "2021-08-23T06:37:25.005Z", "groups": [1], "user_permissions": []}}, {"model": "auth.user", "pk": 928, "fields": {"password": "", "last_login": null, "is_superuser": false, "username": "085894394983", "first_name": "", "last_name": "", "email": "", "is_staff": false, "is_active": false, "date_joined": "2021-08-23T06:37:25.011Z", "groups": [1], "user_permissions": []}}, {"model": "auth.user", "pk": 929, "fields": {"password": "", "last_login": null, "is_superuser": false, "username": "087705416232", "first_name": "", "last_name": "", "email": "", "is_staff": false, "is_active": false, "date_joined": "2021-08-23T06:37:25.015Z", "groups": [1], "user_permissions": []}}, {"model": "auth.user", "pk": 930, "fields": {"password": "", "last_login": null, "is_superuser": false, "username": "0895602249736", "first_name": "", "last_name": "", "email": "", "is_staff": false, "is_active": false, "date_joined": "2021-08-23T06:37:25.019Z", "groups": [1], "user_permissions": []}}, {"model": "auth.user", "pk": 931, "fields": {"password": "", "last_login": null, "is_superuser": false, "username": "08566295316", "first_name": "", "last_name": "", "email": "", "is_staff": false, "is_active": false, "date_joined": "2021-08-23T06:37:25.024Z", "groups": [1], "user_permissions": []}}, {"model": "auth.user", "pk": 932, "fields": {"password": "", "last_login": null, "is_superuser": false, "username": "083184351919", "first_name": "", "last_name": "", "email": "", "is_staff": false, "is_active": false, "date_joined": "2021-08-23T06:37:25.028Z", "groups": [1], "user_permissions": []}}, {"model": "auth.user", "pk": 933, "fields": {"password": "", "last_login": null, "is_superuser": false, "username": "08815327793", "first_name": "", "last_name": "", "email": "", "is_staff": false, "is_active": false, "date_joined": "2021-08-23T06:37:25.033Z", "groups": [1], "user_permissions": []}}, {"model": "auth.user", "pk": 934, "fields": {"password": "", "last_login": null, "is_superuser": false, "username": "081210638862", "first_name": "", "last_name": "", "email": "", "is_staff": false, "is_active": false, "date_joined": "2021-08-23T06:37:25.036Z", "groups": [1], "user_permissions": []}}, {"model": "auth.user", "pk": 935, "fields": {"password": "", "last_login": null, "is_superuser": false, "username": "089606992386", "first_name": "", "last_name": "", "email": "", "is_staff": false, "is_active": false, "date_joined": "2021-08-23T06:37:25.039Z", "groups": [1], "user_permissions": []}}, {"model": "auth.user", "pk": 936, "fields": {"password": "", "last_login": null, "is_superuser": false, "username": "0895357233337", "first_name": "", "last_name": "", "email": "", "is_staff": false, "is_active": false, "date_joined": "2021-08-23T06:37:25.042Z", "groups": [1], "user_permissions": []}}, {"model": "auth.user", "pk": 937, "fields": {"password": "", "last_login": null, "is_superuser": false, "username": "082215152667", "first_name": "", "last_name": "", "email": "", "is_staff": false, "is_active": false, "date_joined": "2021-08-23T06:37:25.045Z", "groups": [1], "user_permissions": []}}, {"model": "auth.user", "pk": 938, "fields": {"password": "", "last_login": null, "is_superuser": false, "username": "087816980239", "first_name": "", "last_name": "", "email": "", "is_staff": false, "is_active": false, "date_joined": "2021-08-23T06:37:25.048Z", "groups": [1], "user_permissions": []}}, {"model": "auth.user", "pk": 939, "fields": {"password": "", "last_login": null, "is_superuser": false, "username": "081274166462", "first_name": "", "last_name": "", "email": "", "is_staff": false, "is_active": false, "date_joined": "2021-08-23T06:37:25.051Z", "groups": [1], "user_permissions": []}}, {"model": "auth.user", "pk": 940, "fields": {"password": "", "last_login": null, "is_superuser": false, "username": "085217867202", "first_name": "", "last_name": "", "email": "", "is_staff": false, "is_active": false, "date_joined": "2021-08-23T06:37:25.055Z", "groups": [1], "user_permissions": []}}, {"model": "auth.user", "pk": 941, "fields": {"password": "", "last_login": null, "is_superuser": false, "username": "081918090220", "first_name": "", "last_name": "", "email": "", "is_staff": false, "is_active": false, "date_joined": "2021-08-23T06:37:25.059Z", "groups": [1], "user_permissions": []}}, {"model": "auth.user", "pk": 942, "fields": {"password": "", "last_login": null, "is_superuser": false, "username": "085237023124", "first_name": "", "last_name": "", "email": "", "is_staff": false, "is_active": false, "date_joined": "2021-08-23T06:37:25.064Z", "groups": [1], "user_permissions": []}}, {"model": "auth.user", "pk": 943, "fields": {"password": "", "last_login": null, "is_superuser": false, "username": "0895415480337", "first_name": "", "last_name": "", "email": "", "is_staff": false, "is_active": false, "date_joined": "2021-08-23T06:37:25.068Z", "groups": [1], "user_permissions": []}}, {"model": "auth.user", "pk": 944, "fields": {"password": "", "last_login": null, "is_superuser": false, "username": "089638253472", "first_name": "", "last_name": "", "email": "", "is_staff": false, "is_active": false, "date_joined": "2021-08-23T06:37:25.072Z", "groups": [1], "user_permissions": []}}, {"model": "auth.user", "pk": 945, "fields": {"password": "", "last_login": null, "is_superuser": false, "username": "666681243767949", "first_name": "", "last_name": "", "email": "", "is_staff": false, "is_active": false, "date_joined": "2021-08-23T07:00:34.445Z", "groups": [1], "user_permissions": []}}, {"model": "auth.user", "pk": 946, "fields": {"password": "", "last_login": null, "is_superuser": false, "username": "081211816957", "first_name": "", "last_name": "", "email": "husain.rizaldy@gmail.com", "is_staff": false, "is_active": false, "date_joined": "2021-08-23T07:00:34.456Z", "groups": [1], "user_permissions": []}}, {"model": "auth.user", "pk": 947, "fields": {"password": "", "last_login": null, "is_superuser": false, "username": "0895326176652", "first_name": "", "last_name": "", "email": "wisnu@gmail.com", "is_staff": false, "is_active": false, "date_joined": "2021-08-23T07:00:34.459Z", "groups": [1], "user_permissions": []}}, {"model": "auth.user", "pk": 948, "fields": {"password": "", "last_login": null, "is_superuser": false, "username": "089662213244", "first_name": "", "last_name": "", "email": "danish060312@gmail.com", "is_staff": false, "is_active": false, "date_joined": "2021-08-23T07:00:34.464Z", "groups": [1], "user_permissions": []}}, {"model": "auth.user", "pk": 949, "fields": {"password": "", "last_login": null, "is_superuser": false, "username": "089646632052", "first_name": "", "last_name": "", "email": "husain@gmail.com", "is_staff": false, "is_active": false, "date_joined": "2021-08-23T07:00:34.468Z", "groups": [1], "user_permissions": []}}, {"model": "auth.user", "pk": 950, "fields": {"password": "", "last_login": null, "is_superuser": false, "username": "082225090497", "first_name": "", "last_name": "", "email": "affanferdi@gmail.com", "is_staff": false, "is_active": false, "date_joined": "2021-08-23T07:00:34.473Z", "groups": [1], "user_permissions": []}}, {"model": "auth.user", "pk": 951, "fields": {"password": "", "last_login": null, "is_superuser": false, "username": "08127526828", "first_name": "", "last_name": "", "email": "putri.korra@gmail.com", "is_staff": false, "is_active": false, "date_joined": "2021-08-23T07:00:34.478Z", "groups": [1], "user_permissions": []}}, {"model": "auth.user", "pk": 952, "fields": {"password": "", "last_login": null, "is_superuser": false, "username": "082299481636", "first_name": "", "last_name": "", "email": "akbar.acil@gmail.com", "is_staff": false, "is_active": false, "date_joined": "2021-08-23T07:00:34.483Z", "groups": [1], "user_permissions": []}}, {"model": "auth.user", "pk": 953, "fields": {"password": "", "last_login": null, "is_superuser": false, "username": "08999070369", "first_name": "", "last_name": "", "email": "nps.nuff@gmail.com", "is_staff": false, "is_active": false, "date_joined": "2021-08-23T07:00:34.487Z", "groups": [1], "user_permissions": []}}, {"model": "auth.user", "pk": 954, "fields": {"password": "", "last_login": null, "is_superuser": false, "username": "087780085360", "first_name": "", "last_name": "", "email": "hilmykhairy@gmail.com", "is_staff": false, "is_active": false, "date_joined": "2021-08-23T07:00:34.491Z", "groups": [1], "user_permissions": []}}, {"model": "auth.user", "pk": 955, "fields": {"password": "", "last_login": null, "is_superuser": false, "username": "085775398918", "first_name": "", "last_name": "", "email": "nmsyahdan@outlook.com", "is_staff": false, "is_active": false, "date_joined": "2021-08-23T07:00:34.497Z", "groups": [1], "user_permissions": []}}, {"model": "auth.user", "pk": 956, "fields": {"password": "", "last_login": null, "is_superuser": false, "username": "081314823701", "first_name": "", "last_name": "", "email": "rayjjonathan@gmail.com", "is_staff": false, "is_active": false, "date_joined": "2021-08-23T07:00:34.501Z", "groups": [1], "user_permissions": []}}, {"model": "auth.user", "pk": 957, "fields": {"password": "pbkdf2_sha256$260000$Ct7XrCthLkeS5r967P63SH$I/WXT95X/s71Mzq32/E/C9ZNiOnJNp8B4MmzC9TqhSE=", "last_login": null, "is_superuser": false, "username": "admin-yodu", "first_name": "Admin", "last_name": "Yodu", "email": "admin@yodu.id", "is_staff": true, "is_active": true, "date_joined": "2021-08-23T07:53:32Z", "groups": [2], "user_permissions": []}}, {"model": "auth.user", "pk": 958, "fields": {"password": "pbkdf2_sha256$260000$XDJSuE6Iaqt4N06V1V2kaG$56EKyBQaYZdLVeWhI+ZF4eUWRxFXVx1Z+zfu3LWDgi0=", "last_login": null, "is_superuser": false, "username": "yodu-restapi", "first_name": "", "last_name": "", "email": "", "is_staff": false, "is_active": true, "date_joined": "2021-08-26T13:52:52.545Z", "groups": [], "user_permissions": []}}, {"model": "authtoken.token", "pk": "d0d87061dcc8c6b1c9eabdc296ebc0d17368cf1f", "fields": {"user": 958, "created": "2021-08-26T13:53:02.400Z"}}, {"model": "partner.partner", "pk": 1, "fields": {"name": "Upoint DTU", "slug": "upoint-dtu", "is_active": true, "created": "2021-08-23T08:18:39Z", "updated": "2021-08-23T08:23:00.432Z", "code": "upoint", "description": "Direct Top Up UPOINT", "credentials": {"partner_id": 5, "secret_token": "f5d0b27301b2944b7f3a8f204341c1d48f6383d9"}, "endpoint": {"inquiry": "https://devdtu.upoint.co.id/dtu/inquiry", "payment": "https://devdtu.upoint.co.id/dtu/payment"}}}, {"model": "partner.partner", "pk": 2, "fields": {"name": "Upoint Voucher", "slug": "upoint-voucher", "is_active": true, "created": "2021-08-23T08:23:08Z", "updated": "2021-08-23T08:25:13.359Z", "code": "upoint_voucher", "description": "Voucher UPOINT", "credentials": {"partner_id": 74, "secret_token": "c0d3c3c8f2b1b86e8541147c961f25faaedac339"}, "endpoint": {"inquiry": "https://repofeeder.upoint.co.id/repoFeeder/host_to_host/request", "payment": "https://repofeeder.upoint.co.id/repoFeeder/host_to_host/confirm"}}}, {"model": "partner.partner", "pk": 3, "fields": {"name": "Razer", "slug": "razer", "is_active": true, "created": "2021-08-23T08:25:23Z", "updated": "2021-08-23T08:28:36.961Z", "code": "razer_voucher", "description": "Voucher RAZER", "credentials": {"partner_id": "testh2h", "secret_token": "4y0t35t1234"}, "endpoint": {"req_voucher": "http://www.ayopay.com/h2h/voucher.aspx"}}}, {"model": "store.store", "pk": 1, "fields": {"name": "Yodu Official Store", "slug": "yodu-official-store", "is_active": true, "created": "2021-08-23T07:53:55Z", "updated": "2021-08-23T07:54:45.728Z", "owner": 957, "description": "", "logo_image": "store/Asset_393x_LV0cjmM.png"}}, {"model": "store.category", "pk": 1, "fields": {"name": "Direct Top Up", "slug": "direct-top-up", "is_active": true, "created": "2021-08-23T07:55:03Z", "updated": "2021-08-23T07:55:22.944Z", "code": "dtu"}}, {"model": "store.category", "pk": 2, "fields": {"name": "Voucher Game", "slug": "voucher-game", "is_active": true, "created": "2021-08-23T07:55:24Z", "updated": "2021-08-23T07:55:37.010Z", "code": "voucher"}}, {"model": "store.product", "pk": 1, "fields": {"name": "Free Fire", "slug": "free-fire", "is_active": true, "created": "2021-08-23T08:01:04.366Z", "updated": "2021-08-23T08:01:04.366Z", "store": 1, "category": 1, "product_code": "free_fire", "logo_image": "", "description": "", "is_digital": true, "attribute": "reg"}}, {"model": "store.product", "pk": 2, "fields": {"name": "Life After", "slug": "life-after", "is_active": true, "created": "2021-08-23T08:08:20.274Z", "updated": "2021-08-23T08:08:20.274Z", "store": 1, "category": 1, "product_code": "life_after", "logo_image": "", "description": "", "is_digital": true, "attribute": "reg"}}, {"model": "store.product", "pk": 3, "fields": {"name": "Call Of Duty", "slug": "call-of-duty", "is_active": true, "created": "2021-08-23T08:08:20.283Z", "updated": "2021-08-23T08:08:20.283Z", "store": 1, "category": 1, "product_code": "call_of_duty", "logo_image": "", "description": "", "is_digital": true, "attribute": "reg"}}, {"model": "store.product", "pk": 4, "fields": {"name": "Mobile Legends ", "slug": "mobile-legends", "is_active": true, "created": "2021-08-23T08:08:20.285Z", "updated": "2021-08-23T08:08:20.285Z", "store": 1, "category": 1, "product_code": "mobile_legends", "logo_image": "", "description": "", "is_digital": true, "attribute": "reg"}}, {"model": "store.product", "pk": 5, "fields": {"name": "Speed Drifters", "slug": "speed-drifters", "is_active": true, "created": "2021-08-23T08:08:20.287Z", "updated": "2021-08-23T08:08:20.287Z", "store": 1, "category": 1, "product_code": "speed_drifters", "logo_image": "", "description": "", "is_digital": true, "attribute": "reg"}}, {"model": "store.product", "pk": 6, "fields": {"name": "Arena of Valor", "slug": "arena-of-valor", "is_active": true, "created": "2021-08-23T08:08:20.290Z", "updated": "2021-08-23T08:08:20.290Z", "store": 1, "category": 1, "product_code": "arena_of_valor", "logo_image": "", "description": "", "is_digital": true, "attribute": "reg"}}, {"model": "store.product", "pk": 7, "fields": {"name": "Ride Out Heroes", "slug": "ride-out-heroes", "is_active": true, "created": "2021-08-23T08:08:20.292Z", "updated": "2021-08-23T08:08:20.293Z", "store": 1, "category": 1, "product_code": "ride_of_heroes", "logo_image": "", "description": "", "is_digital": true, "attribute": "reg"}}, {"model": "store.product", "pk": 8, "fields": {"name": "Marvel Super War", "slug": "marvel-super-war", "is_active": true, "created": "2021-08-23T08:08:20.295Z", "updated": "2021-08-23T08:08:20.295Z", "store": 1, "category": 1, "product_code": "marvel", "logo_image": "", "description": "", "is_digital": true, "attribute": "reg"}}, {"model": "store.product", "pk": 9, "fields": {"name": "Ragnarok M Eternal Love", "slug": "ragnarok-m-eternal-love", "is_active": true, "created": "2021-08-23T08:08:20.298Z", "updated": "2021-08-23T08:08:20.298Z", "store": 1, "category": 1, "product_code": "ragnarok_mobile", "logo_image": "", "description": "", "is_digital": true, "attribute": "reg"}}, {"model": "store.product", "pk": 10, "fields": {"name": "Memories", "slug": "memories", "is_active": true, "created": "2021-08-23T08:08:20.300Z", "updated": "2021-08-23T08:08:20.300Z", "store": 1, "category": 1, "product_code": "memories", "logo_image": "", "description": "", "is_digital": true, "attribute": "reg"}}, {"model": "store.product", "pk": 11, "fields": {"name": "Perfect World", "slug": "perfect-world", "is_active": true, "created": "2021-08-23T08:08:20.301Z", "updated": "2021-08-23T08:08:20.302Z", "store": 1, "category": 1, "product_code": "perfect_world", "logo_image": "", "description": "", "is_digital": true, "attribute": "reg"}}, {"model": "store.product", "pk": 12, "fields": {"name": "RF Classic", "slug": "rf-classic", "is_active": true, "created": "2021-08-23T08:08:20.304Z", "updated": "2021-08-23T08:08:20.304Z", "store": 1, "category": 1, "product_code": "rf_classic", "logo_image": "", "description": "", "is_digital": true, "attribute": "reg"}}, {"model": "store.product", "pk": 13, "fields": {"name": "Code Atma", "slug": "code-atma", "is_active": true, "created": "2021-08-23T08:08:20.306Z", "updated": "2021-08-23T08:08:20.306Z", "store": 1, "category": 1, "product_code": "code_atma", "logo_image": "", "description": "", "is_digital": true, "attribute": "reg"}}, {"model": "store.product", "pk": 14, "fields": {"name": "Voucher Google Play", "slug": "voucher-google-play", "is_active": true, "created": "2021-08-23T08:09:42.377Z", "updated": "2021-08-23T08:09:42.378Z", "store": 1, "category": 2, "product_code": "voucher_google_play", "logo_image": "", "description": "", "is_digital": true, "attribute": "reg"}}, {"model": "store.product", "pk": 15, "fields": {"name": "Garena Shell", "slug": "garena-shell", "is_active": true, "created": "2021-08-23T08:16:49.230Z", "updated": "2021-08-23T08:16:49.231Z", "store": 1, "category": 2, "product_code": "garena_shell", "logo_image": "", "description": "", "is_digital": true, "attribute": "reg"}}, {"model": "store.product", "pk": 16, "fields": {"name": "Game On Credit", "slug": "game-on-credit", "is_active": true, "created": "2021-08-23T08:16:49.239Z", "updated": "2021-08-23T08:16:49.239Z", "store": 1, "category": 2, "product_code": "game_on_credits", "logo_image": "", "description": "", "is_digital": true, "attribute": "reg"}}, {"model": "store.product", "pk": 17, "fields": {"name": "Point Blank Cash", "slug": "point-blank-cash", "is_active": true, "created": "2021-08-23T08:16:49.241Z", "updated": "2021-08-23T08:16:49.241Z", "store": 1, "category": 2, "product_code": "point_blanks", "logo_image": "", "description": "", "is_digital": true, "attribute": "reg"}}, {"model": "store.product", "pk": 18, "fields": {"name": "Voucher Wavegame", "slug": "voucher-wavegame", "is_active": true, "created": "2021-08-23T08:16:49.242Z", "updated": "2021-08-23T08:16:49.243Z", "store": 1, "category": 2, "product_code": "wavegame", "logo_image": "", "description": "", "is_digital": true, "attribute": "reg"}}, {"model": "store.product", "pk": 19, "fields": {"name": "Voucher PSN", "slug": "voucher-psn", "is_active": true, "created": "2021-08-23T08:16:49.244Z", "updated": "2021-08-23T08:16:49.244Z", "store": 1, "category": 2, "product_code": "PSN_money_voucher_ID", "logo_image": "", "description": "", "is_digital": true, "attribute": "reg"}}, {"model": "store.product", "pk": 20, "fields": {"name": "PlayStation Plus", "slug": "playstation-plus", "is_active": true, "created": "2021-08-23T08:16:49.245Z", "updated": "2021-08-23T08:16:49.245Z", "store": 1, "category": 2, "product_code": "playstation_plus_ID", "logo_image": "", "description": "", "is_digital": true, "attribute": "reg"}}, {"model": "store.product", "pk": 21, "fields": {"name": "Nintendo Eshop", "slug": "nintendo-eshop", "is_active": true, "created": "2021-08-23T08:16:49.247Z", "updated": "2021-08-23T08:16:49.247Z", "store": 1, "category": 2, "product_code": "nintendo_eshop", "logo_image": "", "description": "", "is_digital": true, "attribute": "reg"}}, {"model": "store.product", "pk": 22, "fields": {"name": "Esports King", "slug": "esports-king", "is_active": true, "created": "2021-08-23T08:16:49.250Z", "updated": "2021-08-23T08:16:49.250Z", "store": 1, "category": 2, "product_code": "esport_king", "logo_image": "", "description": "", "is_digital": true, "attribute": "reg"}}, {"model": "store.product", "pk": 23, "fields": {"name": "Lokapala", "slug": "lokapala", "is_active": true, "created": "2021-08-23T08:16:49.251Z", "updated": "2021-08-23T08:16:49.251Z", "store": 1, "category": 2, "product_code": "lokapala", "logo_image": "", "description": "", "is_digital": true, "attribute": "reg"}}, {"model": "store.product", "pk": 24, "fields": {"name": "Voucher Megaxus", "slug": "voucher-megaxus", "is_active": true, "created": "2021-08-23T08:16:49.253Z", "updated": "2021-08-23T08:16:49.253Z", "store": 1, "category": 2, "product_code": "ayopay_megaxus", "logo_image": "", "description": "", "is_digital": true, "attribute": "reg"}}, {"model": "store.product", "pk": 25, "fields": {"name": "Razer Gold", "slug": "razer-gold", "is_active": true, "created": "2021-08-23T08:16:49.255Z", "updated": "2021-08-23T08:16:49.255Z", "store": 1, "category": 2, "product_code": "razer_ayopay", "logo_image": "", "description": "", "is_digital": true, "attribute": "reg"}}, {"model": "store.product", "pk": 26, "fields": {"name": "Aeria Points", "slug": "aeria-points", "is_active": true, "created": "2021-08-23T08:16:49.256Z", "updated": "2021-08-23T08:16:49.257Z", "store": 1, "category": 2, "product_code": "ayopay_aeria", "logo_image": "", "description": "", "is_digital": true, "attribute": "reg"}}, {"model": "store.product", "pk": 27, "fields": {"name": "Tinder Gold ", "slug": "tinder-gold", "is_active": true, "created": "2021-08-23T08:16:49.258Z", "updated": "2021-08-23T08:16:49.258Z", "store": 1, "category": 2, "product_code": "tinder_gold", "logo_image": "", "description": "", "is_digital": true, "attribute": "reg"}}, {"model": "store.product", "pk": 28, "fields": {"name": "Tinder Plus", "slug": "tinder-plus", "is_active": true, "created": "2021-08-23T08:16:49.260Z", "updated": "2021-08-23T08:16:49.260Z", "store": 1, "category": 2, "product_code": "tinder_plus", "logo_image": "", "description": "", "is_digital": true, "attribute": "reg"}}, {"model": "store.product", "pk": 29, "fields": {"name": "Battlenet Card US", "slug": "battlenet-card-us", "is_active": true, "created": "2021-08-23T08:16:49.262Z", "updated": "2021-08-23T08:16:49.262Z", "store": 1, "category": 2, "product_code": "battlenet", "logo_image": "", "description": "", "is_digital": true, "attribute": "reg"}}, {"model": "store.product", "pk": 30, "fields": {"name": "Genflix", "slug": "genflix", "is_active": true, "created": "2021-08-23T08:16:49.263Z", "updated": "2021-08-23T08:16:49.263Z", "store": 1, "category": 2, "product_code": "genflix", "logo_image": "", "description": "", "is_digital": true, "attribute": "reg"}}, {"model": "store.product", "pk": 31, "fields": {"name": "Steam", "slug": "steam", "is_active": true, "created": "2021-08-23T08:16:49.264Z", "updated": "2021-08-23T08:16:49.265Z", "store": 1, "category": 2, "product_code": "ayopay_steam", "logo_image": "", "description": "", "is_digital": true, "attribute": "reg"}}, {"model": "account.profile", "pk": 758, "fields": {"user": 760, "name": "Yogas ", "img": "", "premium": false}}, {"model": "account.profile", "pk": 759, "fields": {"user": 761, "name": "Estu Putro Wibowo  ", "img": "", "premium": false}}, {"model": "account.profile", "pk": 760, "fields": {"user": 762, "name": "Ferllando Setiawan ", "img": "", "premium": false}}, {"model": "account.profile", "pk": 761, "fields": {"user": 763, "name": "Tony Trisno ", "img": "", "premium": false}}, {"model": "account.profile", "pk": 762, "fields": {"user": 764, "name": "abyansah ", "img": "", "premium": false}}, {"model": "account.profile", "pk": 763, "fields": {"user": 765, "name": "Duhari Rahman ", "img": "", "premium": false}}, {"model": "account.profile", "pk": 764, "fields": {"user": 766, "name": "Rosalina ", "img": "", "premium": false}}, {"model": "account.profile", "pk": 765, "fields": {"user": 767, "name": "Yudhi ", "img": "", "premium": false}}, {"model": "account.profile", "pk": 766, "fields": {"user": 768, "name": "Andika Azuma Putera ", "img": "", "premium": false}}, {"model": "account.profile", "pk": 767, "fields": {"user": 769, "name": "Jacky Lie ", "img": "", "premium": false}}, {"model": "account.profile", "pk": 768, "fields": {"user": 770, "name": "Saefudin ", "img": "", "premium": false}}, {"model": "account.profile", "pk": 769, "fields": {"user": 771, "name": "Johnson Pangaribuan ", "img": "", "premium": false}}, {"model": "account.profile", "pk": 770, "fields": {"user": 772, "name": "Raynardhi Kose ", "img": "", "premium": false}}, {"model": "account.profile", "pk": 771, "fields": {"user": 773, "name": "Martin Adam ", "img": "", "premium": false}}, {"model": "account.profile", "pk": 772, "fields": {"user": 774, "name": "rokhan rokhan ", "img": "", "premium": false}}, {"model": "account.profile", "pk": 773, "fields": {"user": 775, "name": "Budy Setiawan ", "img": "", "premium": false}}, {"model": "account.profile", "pk": 774, "fields": {"user": 776, "name": "Prasetyo RRP ", "img": "", "premium": false}}, {"model": "account.profile", "pk": 775, "fields": {"user": 777, "name": "Robby Kurniawan ", "img": "", "premium": false}}, {"model": "account.profile", "pk": 776, "fields": {"user": 778, "name": "Unggul Hartanto ", "img": "", "premium": false}}, {"model": "account.profile", "pk": 777, "fields": {"user": 779, "name": "AKBAR PRIONO ", "img": "", "premium": false}}, {"model": "account.profile", "pk": 778, "fields": {"user": 780, "name": "Daryl ", "img": "", "premium": false}}, {"model": "account.profile", "pk": 779, "fields": {"user": 781, "name": "Sunaryo Sunaryo ", "img": "", "premium": false}}, {"model": "account.profile", "pk": 780, "fields": {"user": 782, "name": "Felix Kusnadi ", "img": "", "premium": false}}, {"model": "account.profile", "pk": 781, "fields": {"user": 783, "name": "Aziz ", "img": "", "premium": false}}, {"model": "account.profile", "pk": 782, "fields": {"user": 784, "name": "Ranita ", "img": "", "premium": false}}, {"model": "account.profile", "pk": 783, "fields": {"user": 785, "name": "Adinda Dewi Kusumaningrum ", "img": "", "premium": false}}, {"model": "account.profile", "pk": 784, "fields": {"user": 786, "name": "Rizky Nawan Putra Lubis ", "img": "", "premium": false}}, {"model": "account.profile", "pk": 785, "fields": {"user": 787, "name": "Akasanet Bumi Nusantara ", "img": "", "premium": false}}, {"model": "account.profile", "pk": 786, "fields": {"user": 788, "name": "Yuhao ", "img": "", "premium": false}}, {"model": "account.profile", "pk": 787, "fields": {"user": 789, "name": "Rafdi Muhammad ", "img": "", "premium": false}}, {"model": "account.profile", "pk": 788, "fields": {"user": 790, "name": "Olla Abdillah Agam ", "img": "", "premium": false}}, {"model": "account.profile", "pk": 789, "fields": {"user": 791, "name": "Tommy ", "img": "", "premium": false}}, {"model": "account.profile", "pk": 790, "fields": {"user": 792, "name": "Michael Samuel ", "img": "", "premium": false}}, {"model": "account.profile", "pk": 791, "fields": {"user": 793, "name": "Tommy Adi ", "img": "", "premium": false}}, {"model": "account.profile", "pk": 792, "fields": {"user": 794, "name": "Muhammad Nuzuli ", "img": "", "premium": false}}, {"model": "account.profile", "pk": 793, "fields": {"user": 795, "name": "Ahmad Bahtiar ", "img": "", "premium": false}}, {"model": "account.profile", "pk": 794, "fields": {"user": 796, "name": "Julius ", "img": "", "premium": false}}, {"model": "account.profile", "pk": 795, "fields": {"user": 797, "name": "Jefri Sibarani ", "img": "", "premium": false}}, {"model": "account.profile", "pk": 796, "fields": {"user": 798, "name": "Fajar Arifin ", "img": "", "premium": false}}, {"model": "account.profile", "pk": 797, "fields": {"user": 799, "name": "Chris Kurniawan ", "img": "", "premium": false}}, {"model": "account.profile", "pk": 798, "fields": {"user": 800, "name": "Ajie Zata Amani ", "img": "", "premium": false}}, {"model": "account.profile", "pk": 799, "fields": {"user": 801, "name": "Vendy Wijaya ", "img": "", "premium": false}}, {"model": "account.profile", "pk": 800, "fields": {"user": 802, "name": "Mas Aryo Damar Adi ", "img": "", "premium": false}}, {"model": "account.profile", "pk": 801, "fields": {"user": 803, "name": "Reza Novri ", "img": "", "premium": false}}, {"model": "account.profile", "pk": 802, "fields": {"user": 804, "name": "Rahmat Ramadhani ", "img": "", "premium": false}}, {"model": "account.profile", "pk": 803, "fields": {"user": 805, "name": "Bobby Eribowo W ", "img": "", "premium": false}}, {"model": "account.profile", "pk": 804, "fields": {"user": 806, "name": "Tanri Raafani ", "img": "", "premium": false}}, {"model": "account.profile", "pk": 805, "fields": {"user": 807, "name": "Tommy ", "img": "", "premium": false}}, {"model": "account.profile", "pk": 806, "fields": {"user": 808, "name": "Gerry Eka ", "img": "", "premium": false}}, {"model": "account.profile", "pk": 807, "fields": {"user": 809, "name": "Rahmatullah Kuncoroaji ", "img": "", "premium": false}}, {"model": "account.profile", "pk": 808, "fields": {"user": 810, "name": "Reinardus Juan ", "img": "", "premium": false}}, {"model": "account.profile", "pk": 809, "fields": {"user": 811, "name": "Satya Kevino ", "img": "", "premium": false}}, {"model": "account.profile", "pk": 810, "fields": {"user": 812, "name": "I Made Carma Sanjaya ", "img": "", "premium": false}}, {"model": "account.profile", "pk": 811, "fields": {"user": 813, "name": "Dimas Galih Windujati ", "img": "", "premium": false}}, {"model": "account.profile", "pk": 812, "fields": {"user": 814, "name": "Oki Setiawan ", "img": "", "premium": false}}, {"model": "account.profile", "pk": 813, "fields": {"user": 815, "name": "Sofian Rustiawan ", "img": "", "premium": false}}, {"model": "account.profile", "pk": 814, "fields": {"user": 816, "name": "A. Agus Pratama ", "img": "", "premium": false}}, {"model": "account.profile", "pk": 815, "fields": {"user": 817, "name": "Basitullah Almukarommah ", "img": "", "premium": false}}, {"model": "account.profile", "pk": 816, "fields": {"user": 818, "name": "Bram ", "img": "", "premium": false}}, {"model": "account.profile", "pk": 817, "fields": {"user": 819, "name": "Sondra Rosalina ", "img": "", "premium": false}}, {"model": "account.profile", "pk": 818, "fields": {"user": 820, "name": "Magdalena N Dewi ", "img": "", "premium": false}}, {"model": "account.profile", "pk": 819, "fields": {"user": 821, "name": "William Suryabudi ", "img": "", "premium": false}}, {"model": "account.profile", "pk": 820, "fields": {"user": 822, "name": "agus mauro ", "img": "", "premium": false}}, {"model": "account.profile", "pk": 821, "fields": {"user": 823, "name": "Naga ", "img": "", "premium": false}}, {"model": "account.profile", "pk": 822, "fields": {"user": 824, "name": "Fira ", "img": "", "premium": false}}, {"model": "account.profile", "pk": 823, "fields": {"user": 825, "name": "R Imam S ", "img": "", "premium": false}}, {"model": "account.profile", "pk": 824, "fields": {"user": 826, "name": "Athanasius T. Nugroho ", "img": "", "premium": false}}, {"model": "account.profile", "pk": 825, "fields": {"user": 827, "name": "Wiraldi ", "img": "", "premium": false}}, {"model": "account.profile", "pk": 826, "fields": {"user": 828, "name": "KING ", "img": "", "premium": false}}, {"model": "account.profile", "pk": 827, "fields": {"user": 829, "name": "Hikmah Danu ", "img": "", "premium": false}}, {"model": "account.profile", "pk": 828, "fields": {"user": 830, "name": "Fahren ", "img": "", "premium": false}}, {"model": "account.profile", "pk": 829, "fields": {"user": 831, "name": "Gie ", "img": "", "premium": false}}, {"model": "account.profile", "pk": 830, "fields": {"user": 832, "name": "Muhammad Raihan ", "img": "", "premium": false}}, {"model": "account.profile", "pk": 831, "fields": {"user": 833, "name": "Fawaz Julian ", "img": "", "premium": false}}, {"model": "account.profile", "pk": 832, "fields": {"user": 834, "name": "Windy Pamungkas ", "img": "", "premium": false}}, {"model": "account.profile", "pk": 833, "fields": {"user": 835, "name": "Yoga ", "img": "", "premium": false}}, {"model": "account.profile", "pk": 834, "fields": {"user": 836, "name": "Syahrul Umah ", "img": "", "premium": false}}, {"model": "account.profile", "pk": 835, "fields": {"user": 837, "name": "Ilham ", "img": "", "premium": false}}, {"model": "account.profile", "pk": 836, "fields": {"user": 838, "name": "Naufal Resta Aqil Thayyar ", "img": "", "premium": false}}, {"model": "account.profile", "pk": 837, "fields": {"user": 839, "name": "Edward ", "img": "", "premium": false}}, {"model": "account.profile", "pk": 838, "fields": {"user": 840, "name": "Kyara Anriva Najwa Lesmana ", "img": "", "premium": false}}, {"model": "account.profile", "pk": 839, "fields": {"user": 841, "name": "Muc haikal ", "img": "", "premium": false}}, {"model": "account.profile", "pk": 840, "fields": {"user": 842, "name": "Andrew Alfredo Yuandy ", "img": "", "premium": false}}, {"model": "account.profile", "pk": 841, "fields": {"user": 843, "name": "Nakata Balga Rasoki  ", "img": "", "premium": false}}, {"model": "account.profile", "pk": 842, "fields": {"user": 844, "name": "Novarurozaq Nut ", "img": "", "premium": false}}, {"model": "account.profile", "pk": 843, "fields": {"user": 845, "name": "Handy SOETEDJO ", "img": "", "premium": false}}, {"model": "account.profile", "pk": 844, "fields": {"user": 846, "name": "Muhammad Ridho ", "img": "", "premium": false}}, {"model": "account.profile", "pk": 845, "fields": {"user": 847, "name": "Dinda ", "img": "", "premium": false}}, {"model": "account.profile", "pk": 846, "fields": {"user": 848, "name": "Rizal ", "img": "", "premium": false}}, {"model": "account.profile", "pk": 847, "fields": {"user": 849, "name": "Felix Tan ", "img": "", "premium": false}}, {"model": "account.profile", "pk": 848, "fields": {"user": 850, "name": "Samsir Alam Suroso ", "img": "", "premium": false}}, {"model": "account.profile", "pk": 849, "fields": {"user": 851, "name": "Oktavian Wahyu P. ", "img": "", "premium": false}}, {"model": "account.profile", "pk": 850, "fields": {"user": 852, "name": "Edo Muly C ", "img": "", "premium": false}}, {"model": "account.profile", "pk": 851, "fields": {"user": 853, "name": "Caesar Surya Sitohang ", "img": "", "premium": false}}, {"model": "account.profile", "pk": 852, "fields": {"user": 854, "name": "Arvell ", "img": "", "premium": false}}, {"model": "account.profile", "pk": 853, "fields": {"user": 855, "name": "Putraaa ", "img": "", "premium": false}}, {"model": "account.profile", "pk": 854, "fields": {"user": 856, "name": "Hendry Fatkhurohman ", "img": "", "premium": false}}, {"model": "account.profile", "pk": 855, "fields": {"user": 857, "name": "Muhammad Ibnu Ramadhan  ", "img": "", "premium": false}}, {"model": "account.profile", "pk": 856, "fields": {"user": 858, "name": "Kelvin ", "img": "", "premium": false}}, {"model": "account.profile", "pk": 857, "fields": {"user": 859, "name": "Calvin Owen ", "img": "", "premium": false}}, {"model": "account.profile", "pk": 858, "fields": {"user": 860, "name": "Restuardanaputra ", "img": "", "premium": false}}, {"model": "account.profile", "pk": 859, "fields": {"user": 861, "name": "Fitra Phlvy ", "img": "", "premium": false}}, {"model": "account.profile", "pk": 860, "fields": {"user": 862, "name": "Muhammad Riski ", "img": "", "premium": false}}, {"model": "account.profile", "pk": 861, "fields": {"user": 863, "name": "Kaizen ", "img": "", "premium": false}}, {"model": "account.profile", "pk": 862, "fields": {"user": 864, "name": "Jun ", "img": "", "premium": false}}, {"model": "account.profile", "pk": 863, "fields": {"user": 865, "name": "ardann ", "img": "", "premium": false}}, {"model": "account.profile", "pk": 864, "fields": {"user": 866, "name": "Abdul Falah ", "img": "", "premium": false}}, {"model": "account.profile", "pk": 865, "fields": {"user": 867, "name": "Putra Masagung ", "img": "", "premium": false}}, {"model": "account.profile", "pk": 866, "fields": {"user": 868, "name": "Farhan ", "img": "", "premium": false}}, {"model": "account.profile", "pk": 867, "fields": {"user": 869, "name": "ANZZ_STORE ", "img": "", "premium": false}}, {"model": "account.profile", "pk": 868, "fields": {"user": 870, "name": "Tomy Adi Setyawan ", "img": "", "premium": false}}, {"model": "account.profile", "pk": 869, "fields": {"user": 871, "name": "Yusuf Rafly Sandha Nuhgraha ", "img": "", "premium": false}}, {"model": "account.profile", "pk": 870, "fields": {"user": 872, "name": "Ahmad Novareza Ramadhan ", "img": "", "premium": false}}, {"model": "account.profile", "pk": 871, "fields": {"user": 873, "name": "Rendy Nugroho Setyanto ", "img": "", "premium": false}}, {"model": "account.profile", "pk": 872, "fields": {"user": 874, "name": "Adi Sutiana ", "img": "", "premium": false}}, {"model": "account.profile", "pk": 873, "fields": {"user": 875, "name": "Keino Dwi Ravianda ", "img": "", "premium": false}}, {"model": "account.profile", "pk": 874, "fields": {"user": 876, "name": "Jerry Setiawan ", "img": "", "premium": false}}, {"model": "account.profile", "pk": 875, "fields": {"user": 877, "name": "Rocky Marley ", "img": "", "premium": false}}, {"model": "account.profile", "pk": 876, "fields": {"user": 878, "name": "Febriyansyah NP ", "img": "", "premium": false}}, {"model": "account.profile", "pk": 877, "fields": {"user": 879, "name": "Zildan Maulana ", "img": "", "premium": false}}, {"model": "account.profile", "pk": 878, "fields": {"user": 880, "name": "dimas triatmojk ", "img": "", "premium": false}}, {"model": "account.profile", "pk": 879, "fields": {"user": 881, "name": "Gilang Fikri R  ", "img": "", "premium": false}}, {"model": "account.profile", "pk": 880, "fields": {"user": 882, "name": "Rafi Saddan ", "img": "", "premium": false}}, {"model": "account.profile", "pk": 881, "fields": {"user": 883, "name": "Al Farisyi Azhari ", "img": "", "premium": false}}, {"model": "account.profile", "pk": 882, "fields": {"user": 884, "name": "maulana yusuf ", "img": "", "premium": false}}, {"model": "account.profile", "pk": 883, "fields": {"user": 885, "name": "panca aws ", "img": "", "premium": false}}, {"model": "account.profile", "pk": 884, "fields": {"user": 886, "name": "Darren Adrian Tjahyadi ", "img": "", "premium": false}}, {"model": "account.profile", "pk": 885, "fields": {"user": 887, "name": "Habib Nur Zaman ", "img": "", "premium": false}}, {"model": "account.profile", "pk": 886, "fields": {"user": 888, "name": "Moh Chabib Fatchul Qolbi ", "img": "", "premium": false}}, {"model": "account.profile", "pk": 887, "fields": {"user": 889, "name": "Dennise Montero ", "img": "", "premium": false}}, {"model": "account.profile", "pk": 888, "fields": {"user": 890, "name": "Dionysius Satria Adi Widjaya ", "img": "", "premium": false}}, {"model": "account.profile", "pk": 889, "fields": {"user": 891, "name": "Be Justin Regan ", "img": "", "premium": false}}, {"model": "account.profile", "pk": 890, "fields": {"user": 892, "name": "Tri Bagus Anugroho ", "img": "", "premium": false}}, {"model": "account.profile", "pk": 891, "fields": {"user": 893, "name": "Muhammad ihsan ramadhan ", "img": "", "premium": false}}, {"model": "account.profile", "pk": 892, "fields": {"user": 894, "name": "Januardi Saputra ", "img": "", "premium": false}}, {"model": "account.profile", "pk": 893, "fields": {"user": 895, "name": "Syaian Yanis Sahid ", "img": "", "premium": false}}, {"model": "account.profile", "pk": 894, "fields": {"user": 896, "name": "RahmatAdii ", "img": "", "premium": false}}, {"model": "account.profile", "pk": 895, "fields": {"user": 897, "name": "Naufal Aryu ", "img": "", "premium": false}}, {"model": "account.profile", "pk": 896, "fields": {"user": 898, "name": "Sandy Nugraha ", "img": "", "premium": false}}, {"model": "account.profile", "pk": 897, "fields": {"user": 899, "name": "Jesen mandela ", "img": "", "premium": false}}, {"model": "account.profile", "pk": 898, "fields": {"user": 900, "name": "Ferdy Jonathan ", "img": "", "premium": false}}, {"model": "account.profile", "pk": 899, "fields": {"user": 901, "name": "Tristian Valentino ", "img": "", "premium": false}}, {"model": "account.profile", "pk": 900, "fields": {"user": 902, "name": "Fikri ", "img": "", "premium": false}}, {"model": "account.profile", "pk": 901, "fields": {"user": 903, "name": "Anjas Prayogo ", "img": "", "premium": false}}, {"model": "account.profile", "pk": 902, "fields": {"user": 904, "name": "Pasya alif Maulana ", "img": "", "premium": false}}, {"model": "account.profile", "pk": 903, "fields": {"user": 905, "name": "Dafa Rizky Julisetiawan ", "img": "", "premium": false}}, {"model": "account.profile", "pk": 904, "fields": {"user": 906, "name": "Alifah ", "img": "", "premium": false}}, {"model": "account.profile", "pk": 905, "fields": {"user": 907, "name": "Muhammad irgi Priyatna ", "img": "", "premium": false}}, {"model": "account.profile", "pk": 906, "fields": {"user": 908, "name": "Kevin Kenza ", "img": "", "premium": false}}, {"model": "account.profile", "pk": 907, "fields": {"user": 909, "name": "Raihan Chandra ", "img": "", "premium": false}}, {"model": "account.profile", "pk": 908, "fields": {"user": 910, "name": "Bayyy ", "img": "", "premium": false}}, {"model": "account.profile", "pk": 909, "fields": {"user": 911, "name": "Rudy ", "img": "", "premium": false}}, {"model": "account.profile", "pk": 910, "fields": {"user": 912, "name": "Febri Budi Raharja ", "img": "", "premium": false}}, {"model": "account.profile", "pk": 911, "fields": {"user": 913, "name": "Ardiarmansyah ", "img": "", "premium": false}}, {"model": "account.profile", "pk": 912, "fields": {"user": 914, "name": "Isal ", "img": "", "premium": false}}, {"model": "account.profile", "pk": 913, "fields": {"user": 915, "name": "Putra ", "img": "", "premium": false}}, {"model": "account.profile", "pk": 914, "fields": {"user": 916, "name": "Fakhruzzaki ", "img": "", "premium": false}}, {"model": "account.profile", "pk": 915, "fields": {"user": 917, "name": "Naufal Herfanzha ", "img": "", "premium": false}}, {"model": "account.profile", "pk": 916, "fields": {"user": 918, "name": "Muhammad Faisal ", "img": "", "premium": false}}, {"model": "account.profile", "pk": 917, "fields": {"user": 919, "name": "Muhammad Rifhi ", "img": "", "premium": false}}, {"model": "account.profile", "pk": 918, "fields": {"user": 920, "name": "fahmi ibrahim ", "img": "", "premium": false}}, {"model": "account.profile", "pk": 919, "fields": {"user": 921, "name": "Gibran nur cahyo ", "img": "", "premium": false}}, {"model": "account.profile", "pk": 920, "fields": {"user": 922, "name": "Fauzi Chaniago ", "img": "", "premium": false}}, {"model": "account.profile", "pk": 921, "fields": {"user": 923, "name": "Mostrik ", "img": "", "premium": false}}, {"model": "account.profile", "pk": 922, "fields": {"user": 924, "name": "Rafli Indra Pratama ", "img": "", "premium": false}}, {"model": "account.profile", "pk": 923, "fields": {"user": 925, "name": "M. Ihsan Ratno Saputro ", "img": "", "premium": false}}, {"model": "account.profile", "pk": 924, "fields": {"user": 926, "name": "Aditya ", "img": "", "premium": false}}, {"model": "account.profile", "pk": 925, "fields": {"user": 927, "name": "Purple ", "img": "", "premium": false}}, {"model": "account.profile", "pk": 926, "fields": {"user": 928, "name": "umar alfatah himawan ", "img": "", "premium": false}}, {"model": "account.profile", "pk": 927, "fields": {"user": 929, "name": "Muhammad Ridwansyah ", "img": "", "premium": false}}, {"model": "account.profile", "pk": 928, "fields": {"user": 930, "name": "erlang ", "img": "", "premium": false}}, {"model": "account.profile", "pk": 929, "fields": {"user": 931, "name": "M Iqbal Febriansyah ", "img": "", "premium": false}}, {"model": "account.profile", "pk": 930, "fields": {"user": 932, "name": "Carli Alfian ", "img": "", "premium": false}}, {"model": "account.profile", "pk": 931, "fields": {"user": 933, "name": "Arya Putra ", "img": "", "premium": false}}, {"model": "account.profile", "pk": 932, "fields": {"user": 934, "name": "Andry Wijaya ", "img": "", "premium": false}}, {"model": "account.profile", "pk": 933, "fields": {"user": 935, "name": "ilhamjk ", "img": "", "premium": false}}, {"model": "account.profile", "pk": 934, "fields": {"user": 936, "name": "Muhammad ariadi ", "img": "", "premium": false}}, {"model": "account.profile", "pk": 935, "fields": {"user": 937, "name": "MUHAMAD AZRIL  ", "img": "", "premium": false}}, {"model": "account.profile", "pk": 936, "fields": {"user": 938, "name": "Muhammad Ade Indra Mustafa ", "img": "", "premium": false}}, {"model": "account.profile", "pk": 937, "fields": {"user": 939, "name": "Elvis Satria Islamia ", "img": "", "premium": false}}, {"model": "account.profile", "pk": 938, "fields": {"user": 940, "name": "lups ", "img": "", "premium": false}}, {"model": "account.profile", "pk": 939, "fields": {"user": 941, "name": "Devinn ", "img": "", "premium": false}}, {"model": "account.profile", "pk": 940, "fields": {"user": 942, "name": "Bayu Amy Sagitha ", "img": "", "premium": false}}, {"model": "account.profile", "pk": 941, "fields": {"user": 943, "name": "Rico Dwi Arjuna ", "img": "", "premium": false}}, {"model": "account.profile", "pk": 942, "fields": {"user": 944, "name": "Rio Fahrezii ", "img": "", "premium": false}}, {"model": "account.profile", "pk": 943, "fields": {"user": 945, "name": "spin satu ", "img": "", "premium": true}}, {"model": "account.profile", "pk": 944, "fields": {"user": 946, "name": "Husain Tuasikal ", "img": "", "premium": true}}, {"model": "account.profile", "pk": 945, "fields": {"user": 947, "name": "Wisnu ", "img": "", "premium": true}}, {"model": "account.profile", "pk": 946, "fields": {"user": 948, "name": "Danish ", "img": "", "premium": true}}, {"model": "account.profile", "pk": 947, "fields": {"user": 949, "name": "Husain ", "img": "", "premium": true}}, {"model": "account.profile", "pk": 948, "fields": {"user": 950, "name": "Affan Ferdian ", "img": "", "premium": true}}, {"model": "account.profile", "pk": 949, "fields": {"user": 951, "name": "Putri Fauziah ", "img": "", "premium": true}}, {"model": "account.profile", "pk": 950, "fields": {"user": 952, "name": "Muhammad Akbar ", "img": "", "premium": true}}, {"model": "account.profile", "pk": 951, "fields": {"user": 953, "name": "pandaren ", "img": "", "premium": true}}, {"model": "account.profile", "pk": 952, "fields": {"user": 954, "name": "Hilmy Khairy ", "img": "", "premium": true}}, {"model": "account.profile", "pk": 953, "fields": {"user": 955, "name": "Nur Muhammad Syahdan ", "img": "", "premium": true}}, {"model": "account.profile", "pk": 954, "fields": {"user": 956, "name": "Ray Hutasoit ", "img": "", "premium": true}}, {"model": "django_celery_beat.intervalschedule", "pk": 1, "fields": {"every": 10, "period": "seconds"}}, {"model": "django_celery_beat.crontabschedule", "pk": 1, "fields": {"minute": "0", "hour": "4", "day_of_week": "*", "day_of_month": "*", "month_of_year": "*", "timezone": "UTC"}}, {"model": "django_celery_beat.periodictasks", "pk": 1, "fields": {"last_update": "2021-08-23T08:18:34.696Z"}}, {"model": "django_celery_beat.periodictask", "pk": 1, "fields": {"name": "celery.backend_cleanup", "task": "celery.backend_cleanup", "interval": null, "crontab": 1, "solar": null, "clocked": null, "args": "[]", "kwargs": "{}", "queue": null, "exchange": null, "routing_key": null, "headers": "{}", "priority": null, "expires": null, "expire_seconds": 43200, "one_off": false, "start_time": null, "enabled": true, "last_run_at": null, "total_run_count": 0, "date_changed": "2021-08-23T07:50:48.923Z", "description": ""}}, {"model": "django_celery_beat.periodictask", "pk": 2, "fields": {"name": "Get and Save Products from YODU Apps", "task": "circle.apps.store.tasks.save_data_product", "interval": 1, "crontab": null, "solar": null, "clocked": null, "args": "[\"VOUCHER\"]", "kwargs": "{}", "queue": null, "exchange": null, "routing_key": null, "headers": "{}", "priority": null, "expires": null, "expire_seconds": null, "one_off": true, "start_time": "2021-08-23T08:13:44Z", "enabled": false, "last_run_at": null, "total_run_count": 0, "date_changed": "2021-08-23T08:13:59.105Z", "description": ""}}, {"model": "django_celery_beat.periodictask", "pk": 3, "fields": {"name": "Get and Save Item from YODU Apps", "task": "circle.apps.store.tasks.save_data_items", "interval": 1, "crontab": null, "solar": null, "clocked": null, "args": "[]", "kwargs": "{}", "queue": null, "exchange": null, "routing_key": null, "headers": "{}", "priority": null, "expires": null, "expire_seconds": null, "one_off": true, "start_time": "2021-08-23T08:17:44Z", "enabled": false, "last_run_at": null, "total_run_count": 0, "date_changed": "2021-08-23T08:18:34.699Z", "description": ""}}]
